player_id,player_url,fifa_version,fifa_update,update_as_of,short_name,long_name,player_positions,overall,potential,value_eur,wage_eur,age,dob,height_cm,weight_kg,club_team_id,club_name,league_id,league_name,league_level,club_position,club_jersey_number,club_loaned_from,club_joined_date,club_contract_valid_until_year,nationality_id,nationality_name,nation_team_id,nation_position,nation_jersey_number,preferred_foot,weak_foot,skill_moves,international_reputation,work_rate,body_type,real_face,release_clause_eur,player_tags,player_traits,pace,shooting,passing,dribbling,defending,physic,attacking_crossing,attacking_finishing,attacking_heading_accuracy,attacking_short_passing,attacking_volleys,skill_dribbling,skill_curve,skill_fk_accuracy,skill_long_passing,skill_ball_control,movement_acceleration,movement_sprint_speed,movement_agility,movement_reactions,movement_balance,power_shot_power,power_jumping,power_stamina,power_strength,power_long_shots,mentality_aggression,mentality_interceptions,mentality_positioning,mentality_vision,mentality_penalties,mentality_composure,defending_marking_awareness,defending_standing_tackle,defending_sliding_tackle,goalkeeping_diving,goalkeeping_handling,goalkeeping_kicking,goalkeeping_positioning,goalkeeping_reflexes,goalkeeping_speed,ls,st,rs,lw,lf,cf,rf,rw,lam,cam,ram,lm,lcm,cm,rcm,rm,lwb,ldm,cdm,rdm,rwb,lb,lcb,cb,rcb,rb,gk,Cluster,PCA1,PCA2,Cluster_Role
182493,https://sofifa.com/player/182493/diego-godin/190002,19.0,2.0,2018-08-21,D. Godín,Diego Roberto Godín Leal,CB,90,90,44000000.0,120000.0,32,1986-02-16,187,78,240.0,Atlético Madrid,53.0,La Liga,1.0,LCB,2.0,,2010-08-01,2019.0,60,Uruguay,1377.0,RCB,3.0,Right,3,2,3,Medium/High,Lean (185+),Yes,90200000.0,"#Aerial Threat, #Tackling, #Tactician, #Strength, #Complete Defender","Dives Into Tackles (AI), Power Header",68.0,48.0,65.0,62.0,89.0,84.0,55,42,92,79,47,53,49,51,70,76,68,68,58,85,54,67,91,66,90,43,88,88,48,52,50,82.0,90,89,89,6,8,15,5,15,,65+2,65+2,65+2,61,62,62,62,61,63+2,63+2,63+2,64+2,69+2,69+2,69+2,64+2,77+2,81+2,81+2,81+2,77+2,80+2,88+2,88+2,88+2,80+2,17+2,1,-2.0651422895159555,1.5302490430781095,"Cluster 1: Defending, Physic, Pace"
183907,https://sofifa.com/player/183907/jerome-boateng/170002,17.0,2.0,2016-09-20,J. Boateng,Jérôme Boateng,CB,90,90,56000000.0,200000.0,27,1988-09-03,192,90,21.0,FC Bayern München,19.0,Bundesliga,1.0,RCB,17.0,,2011-07-14,2021.0,21,Germany,1337.0,RCB,17.0,Right,4,2,4,Medium/Medium,Stocky (185+),Yes,,"#Tackling, #Strength","Long Throw-in, Long Passer (AI)",79.0,50.0,72.0,68.0,90.0,85.0,69,34,87,75,53,67,56,31,80,73,74,83,58,84,54,79,76,75,91,58,83,85,47,76,46,86.0,91,94,91,7,12,15,6,5,,66+3,66+3,66+3,66+2,66+2,66+2,66+2,66+2,68+3,68+3,68+3,70+3,74+3,74+3,74+3,70+3,81+3,83+3,83+3,83+3,81+3,83+3,87+3,87+3,87+3,83+3,16+3,1,-1.0792500775404612,2.1862219425860707,"Cluster 1: Defending, Physic, Pace"
138956,https://sofifa.com/player/138956/giorgio-chiellini/180002,18.0,2.0,2017-09-18,G. Chiellini,Giorgio Chiellini,CB,89,89,38000000.0,225000.0,32,1984-08-14,187,85,45.0,Juventus,31.0,Serie A,1.0,LCB,3.0,,2005-07-01,2018.0,27,Italy,1343.0,LCB,3.0,Left,2,2,4,Low/High,Normal (185+),Yes,62700000.0,"#Tackling, #Tactician, #Strength, #Complete Defender","Long Throw-in, Injury Prone, Avoids Using Weaker Foot, Dives Into Tackles (AI), Leadership, Power Header",74.0,46.0,56.0,59.0,90.0,85.0,58,33,84,59,45,58,60,31,59,57,68,78,59,82,64,78,89,68,91,49,92,88,28,50,50,82.0,92,92,90,3,3,2,4,3,,59+3,59+3,59+3,56+2,55+2,55+2,55+2,56+2,55+3,55+3,55+3,58+3,60+3,60+3,60+3,58+3,75+3,76+3,76+3,76+3,75+3,78+3,86+3,86+3,86+3,78+3,12+3,1,-2.5590213186329205,0.8825716273378126,"Cluster 1: Defending, Physic, Pace"
239818,/player/239818/ruben-santos-gato-alves-dias/240002,24.0,2.0,2023-09-22,Rúben Dias,Rúben dos Santos Gato Alves Dias,CB,89,90,106500000.0,250000.0,26,1997-05-14,187,82,10.0,Manchester City,13.0,Premier League,1.0,LCB,3.0,,2020-09-29,2027.0,38,Portugal,1354.0,RCB,4.0,Right,4,2,4,Medium/High,Normal (185+),Yes,205000000.0,"#Tackling, #Tactician, #Strength, #Complete defender","Bruiser +, Power Header, Block, Aerial",62.0,39.0,66.0,69.0,89.0,87.0,54,29,87,83,32,64,46,48,76,75,54,69,60,89,56,74,84,78,90,26,93,86,39,51,45,81.0,91,91,87,7,8,13,7,12,,61+3,61+3,61+3,60,61,61,61,60,62+3,62+3,62+3,64+3,70+3,70+3,70+3,64+3,78+3,83+3,83+3,83+3,78+3,80+3,88+2,88+2,88+2,80+3,18+3,1,-2.243404885612776,1.950243444295069,"Cluster 1: Defending, Physic, Pace"
201024,https://sofifa.com/player/201024/kalidou-koulibaly/200002,20.0,2.0,2019-09-19,K. Koulibaly,Kalidou Koulibaly,CB,89,91,67500000.0,145000.0,28,1991-06-20,187,89,48.0,Napoli,31.0,Serie A,1.0,LCB,26.0,,2014-07-01,2021.0,136,Senegal,,,,Right,3,2,3,Medium/High,Normal (185+),Yes,119800000.0,"#Tackling, #Tactician, #Strength, #Complete Defender",Power Header,71.0,28.0,54.0,67.0,89.0,87.0,30,22,83,71,14,69,28,28,63,71,69,73,52,86,41,55,81,73,95,15,87,88,35,52,33,82.0,91,90,87,7,11,7,13,5,,57+3,57+3,57+3,56,58,58,58,56,59+3,59+3,59+3,60+3,65+3,65+3,65+3,60+3,74+3,80+3,80+3,80+3,74+3,77+3,87+3,87+3,87+3,77+3,17+3,1,-2.96235432036677,0.9687387301249504,"Cluster 1: Defending, Physic, Pace"
120533,https://sofifa.com/player/120533/kepler-laveran-lima-ferreira/170002,17.0,2.0,2016-09-20,Pepe,Kléper Laveran de Lima Ferreira,CB,88,88,23500000.0,300000.0,33,1983-02-26,188,81,243.0,Real Madrid,53.0,La Liga,1.0,RCB,3.0,,2007-07-01,2017.0,38,Portugal,1354.0,LCB,3.0,Right,3,2,4,Medium/High,Lean (185+),Yes,,"#Tackling, #Tactician ",Dives Into Tackles (AI),71.0,51.0,56.0,59.0,88.0,81.0,46,46,82,67,23,58,44,47,61,58,65,75,63,84,49,63,76,64,84,56,94,88,40,48,57,68.0,88,89,90,8,15,5,9,10,,61+3,61+3,61+3,58+2,59+2,59+2,59+2,58+2,58+3,58+3,58+3,59+3,63+3,63+3,63+3,59+3,73+3,76+3,76+3,76+3,73+3,77+3,85+3,85+3,85+3,77+3,18+3,1,-2.2914360864207746,0.6458376097126541,"Cluster 1: Defending, Physic, Pace"
184344,https://sofifa.com/player/184344/leonardo-bonucci/180002,18.0,2.0,2017-09-18,L. Bonucci,Leonardo Bonucci,CB,88,88,44000000.0,200000.0,30,1987-05-01,190,85,47.0,Milan,31.0,Serie A,1.0,RCB,19.0,,2017-07-14,2022.0,27,Italy,1343.0,RCB,19.0,Right,3,2,3,Low/High,Lean (185+),Yes,74800000.0,"#Tackling, #Tactician ","Power Free-Kick, Injury Free, Leadership, Long Passer (AI), Power Header",68.0,54.0,70.0,70.0,87.0,81.0,44,39,88,79,58,69,56,61,85,75,62,72,60,86,52,74,85,73,85,65,82,90,38,74,70,84.0,84,88,88,2,2,3,2,4,,65+2,65+2,65+2,63+1,66+1,66+1,66+1,63+1,68+2,68+2,68+2,66+2,75+2,75+2,75+2,66+2,76+2,83+2,83+2,83+2,76+2,79+2,86+2,86+2,86+2,79+2,12+2,1,-1.0531639033845246,1.8916193906782868,"Cluster 1: Defending, Physic, Pace"
205452,/player/205452/antonio-rudiger/230002,23.0,2.0,2022-09-26,A. Rüdiger,Antonio Rüdiger,CB,87,88,73500000.0,250000.0,29,1993-03-03,190,85,243.0,Real Madrid,53.0,La Liga,1.0,RCB,22.0,,2022-07-01,2026.0,21,Germany,1337.0,LCB,2.0,Right,3,2,2,High/High,Lean (185+),Yes,156200000.0,#Strength,"Long Passer (AI), Long Shot Taker (AI)",82.0,53.0,71.0,67.0,86.0,85.0,68,40,82,80,34,64,50,56,78,72,72,91,56,85,50,77,84,71,90,67,92,84,49,61,40,78.0,88,87,84,14,15,10,12,8,,67+2,67+2,67+2,67,67,67,67,67,67+2,67+2,67+2,69+2,72+2,72+2,72+2,69+2,79+2,81+2,81+2,81+2,79+2,81+2,86+2,86+2,86+2,81+2,20+2,1,-0.9010722751901056,1.9593867299020433,"Cluster 1: Defending, Physic, Pace"
253163,/player/253163/ronald-araujo/240002,24.0,2.0,2023-09-22,R. Araujo,Ronald Federico Araújo da Silva,"CB, RB",86,91,93000000.0,175000.0,24,1999-03-07,188,79,241.0,FC Barcelona,53.0,La Liga,1.0,SUB,4.0,,2018-08-29,2026.0,60,Uruguay,,,,Right,3,2,3,Medium/High,Normal (185+),Yes,197600000.0,#Tackling ,"Block +, Power Header, Jockey, Anticipate, Slide Tackle, Acrobatic",79.0,51.0,65.0,62.0,86.0,84.0,58,56,85,76,38,55,47,45,66,68,71,85,56,84,55,61,90,73,87,35,87,85,56,59,43,76.0,86,86,86,11,14,9,11,8,,66+3,66+3,66+3,64,64,64,64,64,64+3,64+3,64+3,66+3,68+3,68+3,68+3,66+3,77+3,79+3,79+3,79+3,77+3,79+3,85+3,85+3,85+3,79+3,19+3,1,-1.5585676390176657,1.3737356070388296,"Cluster 1: Defending, Physic, Pace"
139720,https://sofifa.com/player/139720/vincent-kompany/150002,15.0,2.0,2014-09-18,V. Kompany,Vincent Jean Mpoy Kompany,CB,86,86,31500000.0,220000.0,28,1986-04-10,192,85,10.0,Manchester City,13.0,Premier League,1.0,RCB,4.0,,2008-08-22,2019.0,7,Belgium,1325.0,RCB,4.0,Right,3,2,4,Medium/Medium,Normal (185+),Yes,,"#Tackling, #Tactician, #Strength, #Complete Defender","Injury Prone, Dives Into Tackles (AI), Leadership",73.0,56.0,69.0,67.0,87.0,81.0,61,45,84,80,46,64,61,52,75,74,68,77,63,84,42,76,73,70,88,67,78,87,41,59,63,,85,90,85,10,9,5,8,6,,64+2,64+2,64+2,66+2,66+2,66+2,66+2,66+2,66+2,66+2,66+2,68+2,72+2,72+2,72+2,68+2,78+2,80+2,80+2,80+2,78+2,81+2,84+2,84+2,84+2,81+2,13+2,1,-1.0370243657222251,1.717249353657327,"Cluster 1: Defending, Physic, Pace"
232363,https://sofifa.com/player/232363/milan-skriniar/200002,20.0,2.0,2019-09-19,M. Škriniar,Milan Škriniar,CB,86,90,52000000.0,89000.0,24,1995-02-11,187,80,44.0,Inter,31.0,Serie A,1.0,LCB,37.0,,2017-07-07,2023.0,43,Slovakia,,,,Right,4,2,1,Medium/High,Normal (185+),No,92300000.0,#Tactician ,,69.0,41.0,59.0,66.0,87.0,82.0,40,42,82,73,40,67,34,30,69,69,70,69,48,83,51,50,78,75,85,30,86,86,30,57,56,81.0,92,87,83,10,13,12,8,12,,59+2,59+2,59+2,58,59,59,59,58,61+2,61+2,61+2,62+2,67+2,67+2,67+2,62+2,74+2,79+2,79+2,79+2,74+2,77+2,84+2,84+2,84+2,77+2,19+2,1,-2.193809578135588,1.0202660988040664,"Cluster 1: Defending, Physic, Pace"
201535,https://sofifa.com/player/201535/raphael-varane/220002,22.0,2.0,2021-09-23,R. Varane,Raphaël Varane,CB,86,88,68500000.0,180000.0,28,1993-04-25,191,81,11.0,Manchester United,13.0,Premier League,1.0,RCB,19.0,,2021-07-27,2025.0,18,France,1335.0,RCB,4.0,Right,3,2,3,Medium/High,Unique,Yes,131900000.0,#Tackling ,Dives Into Tackles (AI),82.0,49.0,64.0,65.0,87.0,82.0,42,46,86,78,42,55,46,52,76,78,79,85,62,84,39,52,81,76,86,53,80,85,55,59,43,83.0,86,88,87,11,11,9,5,14,,66+3,66+3,66+3,64,66,66,66,64,67+3,67+3,67+3,67+3,72+3,72+3,72+3,67+3,77+3,81+3,81+3,81+3,77+3,80+3,85+3,85+3,85+3,80+3,18+3,1,-1.3551621449938043,1.2796214486119843,"Cluster 1: Defending, Physic, Pace"
137186,https://sofifa.com/player/137186/andrea-barzagli/170002,17.0,2.0,2016-09-20,A. Barzagli,Andrea Barzagli,CB,86,86,6500000.0,120000.0,35,1981-05-08,187,87,45.0,Juventus,31.0,Serie A,1.0,RCB,15.0,,2011-01-01,2018.0,27,Italy,1343.0,RCB,15.0,Right,3,2,3,Low/High,Normal (185+),Yes,,"#Tackling, #Tactician, #Strength, #Complete Defender",Leadership,75.0,37.0,56.0,63.0,89.0,79.0,40,27,76,65,35,60,50,31,65,65,69,79,60,82,64,54,85,66,87,39,74,92,28,58,60,82.0,90,90,90,4,2,4,2,4,,55+2,55+2,55+2,56+1,56+1,56+1,56+1,56+1,58+2,58+2,58+2,58+2,64+2,64+2,64+2,58+2,74+2,78+2,78+2,78+2,74+2,77+2,84+2,84+2,84+2,77+2,12+2,1,-2.360788792545599,0.5673486621012118,"Cluster 1: Defending, Physic, Pace"
168609,https://sofifa.com/player/168609/joao-miranda-de-souza-filho/170002,17.0,2.0,2016-09-20,Miranda,João Miranda de Souza Filho,CB,86,86,25500000.0,110000.0,31,1984-09-07,186,78,44.0,Inter,31.0,Serie A,1.0,LCB,25.0,Atlético de Madrid,,2017.0,54,Brazil,1370.0,RCB,3.0,Right,3,2,3,Medium/Medium,Lean (185+),Yes,,"#Tackling, #Tactician ",,75.0,49.0,56.0,64.0,89.0,77.0,48,43,84,65,51,62,32,39,65,67,74,76,62,82,58,70,82,65,81,41,83,88,43,53,49,80.0,89,90,89,12,6,10,13,12,,63+2,63+2,63+2,60+1,61+1,61+1,61+1,60+1,60+2,60+2,60+2,62+2,65+2,65+2,65+2,62+2,74+2,77+2,77+2,77+2,74+2,78+2,84+2,84+2,84+2,78+2,19+2,1,-1.8273005687561454,0.5557922682082405,"Cluster 1: Defending, Physic, Pace"
172879,https://sofifa.com/player/172879/sokratis-papastathopoulos/180002,18.0,2.0,2017-09-18,Sokratis,Sokratis Papastathopoulos,CB,86,86,34500000.0,110000.0,29,1988-06-09,186,85,22.0,Borussia Dortmund,19.0,Bundesliga,1.0,RCB,25.0,,2013-07-01,2019.0,22,Greece,1338.0,RCB,19.0,Right,3,2,3,Medium/High,Normal (185+),Yes,58700000.0,"#Tackling, #Strength","Long Throw-in, Injury Free, Dives Into Tackles (AI)",78.0,52.0,55.0,60.0,87.0,84.0,47,44,87,64,46,58,36,35,64,58,71,84,62,81,68,79,87,74,86,48,91,80,50,52,33,82.0,88,90,86,6,8,5,12,5,,64+2,64+2,64+2,59+1,61+1,61+1,61+1,59+1,59+2,59+2,59+2,61+2,63+2,63+2,63+2,61+2,73+2,76+2,76+2,76+2,73+2,77+2,84+2,84+2,84+2,77+2,16+2,1,-2.1218154595110827,0.6995697117586342,"Cluster 1: Defending, Physic, Pace"
177509,https://sofifa.com/player/177509/medhi-benatia/190002,19.0,2.0,2018-08-21,M. Benatia,Medhi Amine El Mouttaqi Benatia,CB,86,86,30000000.0,160000.0,31,1987-04-17,189,94,45.0,Juventus,31.0,Serie A,1.0,SUB,4.0,,2014-08-26,2020.0,129,Morocco,,,,Right,3,2,3,Medium/High,Normal (185+),Yes,49500000.0,"#Tackling, #Tactician, #Strength, #Complete Defender","Injury Prone, Power Header",70.0,45.0,54.0,64.0,87.0,85.0,45,47,83,65,44,64,34,27,65,64,67,73,59,82,53,66,85,69,93,24,86,86,38,47,41,82.0,89,87,85,7,4,8,7,11,,62+2,62+2,62+2,58,59,59,59,58,58+2,58+2,58+2,60+2,63+2,63+2,63+2,60+2,73+2,77+2,77+2,77+2,73+2,76+2,84+2,84+2,84+2,76+2,16+2,1,-2.470295092186501,0.8166628399413323,"Cluster 1: Defending, Physic, Pace"
240130,/player/240130/eder-gabriel-militao/240002,24.0,2.0,2023-09-22,Éder Militão,Éder Gabriel Militão,CB,86,89,80000000.0,210000.0,25,1998-01-18,186,78,243.0,Real Madrid,53.0,La Liga,1.0,SUB,3.0,,2019-07-01,2025.0,54,Brazil,,,,Right,3,2,3,Medium/High,Unique,Yes,170000000.0,"#Tackling, #Tactician ","Power Header, Long Ball Pass, Block, Intercept, Aerial",85.0,50.0,69.0,71.0,86.0,82.0,69,48,87,78,34,70,60,40,76,72,82,88,70,85,62,62,92,85,79,42,84,86,64,59,60,74.0,86,87,85,11,8,15,12,15,,68+3,68+3,68+3,69,69,69,69,69,69+3,69+3,69+3,72+3,73+3,73+3,73+3,72+3,81+3,81+3,81+3,81+3,81+3,83+3,85+3,85+3,85+3,83+3,20+3,1,-0.6613805242103531,1.733133537751671,"Cluster 1: Defending, Physic, Pace"
198176,https://sofifa.com/player/198176/stefan-de-vrij/220002,22.0,2.0,2021-09-23,S. de Vrij,Stefan de Vrij,CB,85,85,45000000.0,145000.0,29,1992-02-05,189,78,44.0,Inter,31.0,Serie A,1.0,CB,6.0,,2018-07-01,2023.0,34,Netherlands,105035.0,RCB,6.0,Right,3,2,3,Medium/High,Unique,Yes,76500000.0,"#Tackling, #Tactician ",Long Passer (AI),72.0,41.0,64.0,70.0,87.0,79.0,49,25,84,75,27,66,45,16,71,75,69,74,61,85,59,65,79,80,79,60,77,87,31,70,41,85.0,89,87,85,8,10,7,14,13,,59+3,59+3,59+3,61,62,62,62,61,65+3,65+3,65+3,64+3,71+3,71+3,71+3,64+3,77+3,81+3,81+3,81+3,77+3,79+3,84+1,84+1,84+1,79+3,19+3,1,-1.5485779885141502,1.2760702938730852,"Cluster 1: Defending, Physic, Pace"
220440,https://sofifa.com/player/220440/clement-lenglet/200002,20.0,2.0,2019-09-19,C. Lenglet,Clément Nicolas Laurent Lenglet,CB,85,89,45000000.0,175000.0,24,1995-06-17,186,81,241.0,FC Barcelona,53.0,La Liga,1.0,LCB,15.0,,2018-07-12,2023.0,18,France,,,,Left,4,2,2,Medium/High,Lean (185+),Yes,95600000.0,#Tactician ,Power Header,75.0,45.0,68.0,65.0,86.0,80.0,55,39,82,81,37,57,59,31,75,76,77,74,62,84,60,58,86,75,82,46,80,87,54,66,49,82.0,90,83,81,10,10,9,12,7,,63+2,63+2,63+2,64,65,65,65,64,67+2,67+2,67+2,67+2,72+2,72+2,72+2,67+2,77+2,81+2,81+2,81+2,77+2,79+2,83+2,83+2,83+2,79+2,18+2,1,-1.437334232224998,1.4263644113149407,"Cluster 1: Defending, Physic, Pace"
165229,https://sofifa.com/player/165229/laurent-koscielny/170002,17.0,2.0,2016-09-20,L. Koscielny,Laurent Koscielny,CB,85,85,24000000.0,150000.0,30,1985-09-10,186,75,1.0,Arsenal,13.0,Premier League,1.0,LCB,6.0,,2010-07-07,2017.0,18,France,1335.0,LCB,21.0,Right,3,2,3,Medium/High,Lean (185+),Yes,,#Tackling ,Power Header,78.0,40.0,62.0,65.0,85.0,78.0,54,32,84,75,35,62,22,49,67,67,79,78,70,78,62,54,86,73,75,47,90,85,31,56,51,77.0,83,87,85,13,11,9,11,7,,58+2,58+2,58+2,60+1,59+1,59+1,59+1,60+1,61+2,61+2,61+2,63+2,66+2,66+2,66+2,63+2,76+2,78+2,78+2,78+2,76+2,78+2,83+2,83+2,83+2,78+2,18+2,1,-1.6754056646212727,0.8335153415353952,"Cluster 1: Defending, Physic, Pace"
241486,/player/241486/jules-kounde/240002,24.0,2.0,2023-09-22,J. Koundé,Jules Koundé,"CB, RB",85,89,69500000.0,160000.0,24,1998-11-12,180,75,241.0,FC Barcelona,53.0,La Liga,1.0,RCB,23.0,,2022-07-28,2027.0,18,France,1335.0,RB,5.0,Right,3,3,3,High/High,Normal (170-185),Yes,147700000.0,#Tactician ,"Jockey +, Slide Tackle, Quick Step, Relentless",84.0,45.0,68.0,75.0,86.0,80.0,62,47,80,82,32,72,42,26,75,77,85,83,71,86,74,48,90,78,80,40,78,86,47,62,43,82.0,87,86,84,11,10,8,14,13,,64+3,64+3,64+3,69,67,67,67,69,69+3,69+3,69+3,72+3,73+3,73+3,73+3,72+3,80+3,81+3,81+3,81+3,80+3,82+3,84+3,84+3,84+3,82+3,20+3,1,-0.6087442348062105,1.6452796656535553,"Cluster 1: Defending, Physic, Pace"
237383,/player/237383/alessandro-bastoni/240002,24.0,2.0,2023-09-22,A. Bastoni,Alessandro Bastoni,CB,85,90,73500000.0,95000.0,24,1999-04-13,190,75,44.0,Inter,31.0,Serie A,1.0,LCB,95.0,,2017-08-31,2028.0,27,Italy,1343.0,LCB,23.0,Left,3,2,2,Medium/High,Unique,Yes,130500000.0,#Tactician ,"Incisive Pass, Long Ball Pass, Jockey",73.0,35.0,72.0,73.0,86.0,83.0,70,26,83,78,35,73,53,36,82,76,68,77,58,86,57,49,86,81,83,37,83,87,39,69,47,84.0,87,87,83,11,5,9,11,12,,59+2,59+2,59+2,65,63,63,63,65,66+2,66+2,66+2,69+2,73+2,73+2,73+2,69+2,80+2,82+2,82+2,82+2,80+2,81+2,84+2,84+2,84+2,81+2,18+2,1,-1.3384481777311419,2.0392684674964126,"Cluster 1: Defending, Physic, Pace"
232756,/player/232756/fikayo-tomori/240002,24.0,2.0,2023-09-22,F. Tomori,Fikayo Tomori,CB,84,88,52500000.0,84000.0,25,1997-12-19,185,79,47.0,Milan,31.0,Serie A,1.0,LCB,23.0,,2021-07-01,2027.0,14,England,,,,Right,4,2,2,Medium/High,Lean (185+),Yes,93200000.0,,Block,86.0,40.0,59.0,66.0,86.0,82.0,53,33,83,73,32,61,38,40,63,66,80,90,74,84,71,56,92,74,84,45,83,85,37,48,27,81.0,86,90,82,10,13,10,11,7,,60+2,60+2,60+2,61,60,60,60,61,61+2,61+2,61+2,63+2,65+2,65+2,65+2,63+2,77+2,77+2,77+2,77+2,77+2,79+2,84+2,84+2,84+2,79+2,18+2,1,-1.6742901981337077,0.8619659911334999,"Cluster 1: Defending, Physic, Pace"
220814,/player/220814/lucas-hernandez/230002,23.0,2.0,2022-09-26,L. Hernández,Lucas François Bernard Hernández Pi,"CB, LB",84,86,46000000.0,82000.0,26,1996-02-14,184,79,21.0,FC Bayern München,19.0,Bundesliga,1.0,SUB,21.0,,2019-07-01,2024.0,18,France,1335.0,LCB,21.0,Left,2,2,3,Medium/Medium,Unique,Yes,79400000.0,,"Injury Prone, Dives Into Tackles (AI)",77.0,54.0,70.0,71.0,84.0,80.0,78,53,82,77,46,65,59,39,63,76,77,77,70,85,72,62,86,76,78,51,90,83,62,63,42,77.0,85,85,83,10,7,8,14,10,,68+3,68+3,68+3,70,68,68,68,70,69+3,69+3,69+3,71+3,71+3,71+3,71+3,71+3,80+3,79+3,79+3,79+3,80+3,81+3,83+3,83+3,83+3,81+3,18+3,1,-0.6169074726138618,1.7036796953165918,"Cluster 1: Defending, Physic, Pace"
220793,https://sofifa.com/player/220793/davinson-sanchez/190002,19.0,2.0,2018-08-21,D. Sánchez,Davinson Sánchez Mina,CB,84,89,35500000.0,100000.0,22,1996-06-12,187,79,18.0,Tottenham Hotspur,13.0,Premier League,1.0,RCB,6.0,,2017-08-26,2024.0,56,Colombia,111109.0,LCB,23.0,Right,3,2,2,Medium/High,Normal (185+),Yes,68300000.0,,,76.0,45.0,55.0,66.0,84.0,82.0,36,40,80,75,28,63,30,27,65,73,72,79,60,80,55,66,73,76,83,44,87,82,34,44,44,75.0,84,85,88,9,7,10,6,15,,61+1,61+1,61+1,59,60,60,60,59,61+1,61+1,61+1,61+1,65+1,65+1,65+1,61+1,74+1,78+1,78+1,78+1,74+1,77+1,83+1,83+1,83+1,77+1,17+1,1,-1.953286098747348,0.6327908790887659,"Cluster 1: Defending, Physic, Pace"
192227,https://sofifa.com/player/192227/shkodran-mustafi/180002,18.0,2.0,2017-09-18,S. Mustafi,Shkodran Mustafi,CB,84,86,31500000.0,140000.0,25,1992-04-17,184,82,1.0,Arsenal,13.0,Premier League,1.0,CB,20.0,,2016-08-30,2021.0,21,Germany,1337.0,SUB,2.0,Right,3,2,3,Medium/High,Normal (170-185),Yes,60600000.0,,,67.0,57.0,63.0,62.0,83.0,79.0,50,58,81,77,51,53,55,47,69,70,64,69,66,82,69,66,84,74,81,52,79,85,50,55,54,74.0,82,83,85,11,9,15,10,6,,65+2,65+2,65+2,62+1,63+1,63+1,63+1,62+1,64+2,64+2,64+2,63+2,68+2,68+2,68+2,63+2,74+2,78+2,78+2,78+2,74+2,76+2,82+2,82+2,82+2,76+2,17+2,1,-1.5678294796197978,0.985846214609432,"Cluster 1: Defending, Physic, Pace"
225508,https://sofifa.com/player/225508/eric-bailly/180002,18.0,2.0,2017-09-18,E. Bailly,Eric Bertrand Bailly,CB,84,89,35500000.0,150000.0,23,1994-04-12,187,77,11.0,Manchester United,13.0,Premier League,1.0,RCB,3.0,,2016-07-01,2020.0,108,Côte d'Ivoire,111112.0,RCB,21.0,Right,3,2,2,Medium/High,Normal (185+),Yes,68300000.0,,"Dives Into Tackles (AI), Power Header",78.0,42.0,59.0,65.0,84.0,84.0,51,33,81,72,42,63,46,43,56,68,75,80,63,78,63,55,84,78,85,48,87,85,47,54,46,74.0,82,85,85,14,14,10,9,8,,60+1,60+1,60+1,61,61,61,61,61,61+1,61+1,61+1,63+1,65+1,65+1,65+1,63+1,75+1,76+1,76+1,76+1,75+1,77+1,83+1,83+1,83+1,77+1,19+1,1,-1.9481169803156353,0.9493145192474498,"Cluster 1: Defending, Physic, Pace"
237086,/player/237086/min-jae-kim/240002,24.0,2.0,2023-09-22,Kim Min Jae,김민재 金敏在,CB,84,86,46000000.0,82000.0,26,1996-11-15,190,86,21.0,FC Bayern München,19.0,Bundesliga,1.0,LCB,3.0,,2023-07-18,2028.0,167,Korea Republic,,,,Right,3,2,2,Low/High,Normal (185+),No,79400000.0,"#Tackling, #Strength","Power Header, Intercept, Slide Tackle, Aerial",80.0,33.0,58.0,64.0,85.0,84.0,35,23,79,75,24,57,36,23,69,68,75,84,65,82,65,51,83,77,88,37,84,85,48,57,30,72.0,86,87,85,13,7,11,14,11,,58+2,58+2,58+2,58,59,59,59,58,61+2,61+2,61+2,62+2,67+2,67+2,67+2,62+2,74+2,79+2,79+2,79+2,74+2,77+2,84+2,84+2,84+2,77+2,19+2,1,-2.3058865768732164,0.8190190399792544,"Cluster 1: Defending, Physic, Pace"
232580,/player/232580/gabriel-dos-s-magalhaes/240002,24.0,2.0,2023-09-22,Gabriel,Gabriel dos Santos Magalhães,CB,84,86,47000000.0,130000.0,25,1997-12-19,190,87,1.0,Arsenal,13.0,Premier League,1.0,LCB,6.0,,2020-09-01,2027.0,54,Brazil,,,,Left,2,2,2,Medium/High,Normal (185+),Yes,92800000.0,"#Tactician, #Strength","Bruiser, Aerial",70.0,41.0,62.0,60.0,85.0,82.0,38,37,85,78,28,52,47,27,74,71,61,77,51,85,37,62,86,71,86,30,85,86,44,59,40,74.0,85,84,85,12,8,13,10,7,,61+2,61+2,61+2,57,60,60,60,57,61+2,61+2,61+2,61+2,68+2,68+2,68+2,61+2,73+2,80+2,80+2,80+2,73+2,76+2,84+2,84+2,84+2,76+2,18+2,1,-2.3188422444122567,0.9780856394637151,"Cluster 1: Defending, Physic, Pace"
239580,/player/239580/gleison-bremer-silva-nascimento/240002,24.0,2.0,2023-09-22,Bremer,Gleison Bremer Silva Nascimento,CB,84,87,49000000.0,135000.0,26,1997-03-18,188,82,45.0,Juventus,31.0,Serie A,1.0,CB,3.0,,2022-07-20,2027.0,54,Brazil,,,,Right,2,2,1,Medium/High,Stocky (185+),Yes,87000000.0,,"Power Header, Block, Bruiser, Aerial",80.0,50.0,56.0,65.0,85.0,83.0,46,49,85,69,38,62,42,24,69,65,77,83,65,79,67,68,92,76,85,39,82,84,58,45,43,78.0,84,87,83,13,15,13,5,6,,66+2,66+2,66+2,62,63,63,63,62,62+2,62+2,62+2,64+2,65+2,65+2,65+2,64+2,74+2,76+2,76+2,76+2,74+2,77+2,83+2,83+2,83+2,77+2,18+2,1,-1.730152915031078,0.7606372183324659,"Cluster 1: Defending, Physic, Pace"
189881,/player/189881/chris-smalling/240002,24.0,2.0,2023-09-22,C. Smalling,Chris Smalling,CB,84,84,20000000.0,88000.0,33,1989-11-22,194,81,52.0,Roma,31.0,Serie A,1.0,CB,6.0,,2020-10-05,2025.0,14,England,,,,Right,3,2,3,Medium/High,Lean (185+),Yes,34000000.0,"#Aerial threat, #Tackling ","Power Header, Aerial",62.0,47.0,58.0,62.0,87.0,82.0,52,54,86,65,49,59,49,22,64,65,52,71,54,87,43,42,83,75,85,35,84,84,51,56,52,88.0,88,89,85,10,15,16,15,15,,62+3,62+3,62+3,59,60,60,60,59,60+3,60+3,60+3,62+3,66+3,66+3,66+3,62+3,74+3,77+3,77+3,77+3,74+3,77+3,84,84,84,77+3,22+3,1,-2.474170491342691,0.9263394836792359,"Cluster 1: Defending, Physic, Pace"
179784,https://sofifa.com/player/179784/benedikt-howedes/170002,17.0,2.0,2016-09-20,B. Höwedes,Benedikt Höwedes,"CB, RB, LB",84,84,23000000.0,60000.0,28,1988-02-29,187,82,34.0,Schalke 04,19.0,2. Bundesliga,1.0,LCB,4.0,,2007-07-01,2020.0,21,Germany,1337.0,SUB,4.0,Right,3,2,3,Medium/Medium,Normal (185+),Yes,,,"Injury Prone, Leadership, Team Player",65.0,47.0,63.0,65.0,84.0,78.0,58,48,83,74,38,60,38,52,64,70,63,67,65,82,61,62,82,69,81,31,79,85,51,57,56,82.0,85,84,84,14,6,9,10,7,,63+2,63+2,63+2,61+1,62+1,62+1,62+1,61+1,62+2,62+2,62+2,64+2,67+2,67+2,67+2,64+2,74+2,77+2,77+2,77+2,74+2,77+2,82+2,82+2,82+2,77+2,17+2,1,-1.7839659287759184,1.0012632517923925,"Cluster 1: Defending, Physic, Pace"
185239,https://sofifa.com/player/185239/omer-toprak/170002,17.0,2.0,2016-09-20,Ö. Toprak,Ömer Toprak,CB,84,85,27500000.0,80000.0,26,1989-07-21,187,83,32.0,Bayer 04 Leverkusen,19.0,Bundesliga,1.0,LCB,21.0,,2011-07-01,2018.0,48,Turkey,,,,Right,5,2,3,Medium/Medium,Normal (185+),No,,,Injury Prone,76.0,39.0,62.0,67.0,86.0,75.0,49,28,84,75,55,64,44,33,69,72,75,77,65,82,61,63,82,68,79,36,74,85,35,59,48,78.0,87,86,84,11,8,11,12,15,,59+2,59+2,59+2,60+1,60+1,60+1,60+1,60+1,62+2,62+2,62+2,63+2,67+2,67+2,67+2,63+2,75+2,78+2,78+2,78+2,75+2,78+2,82+2,82+2,82+2,78+2,19+2,1,-1.5679594977481037,0.7629175753018277,"Cluster 1: Defending, Physic, Pace"
225850,/player/225850/presnel-kimpembe/230002,23.0,2.0,2022-09-26,P. Kimpembe,Presnel Kimpembe,CB,83,86,42000000.0,95000.0,26,1995-08-13,189,80,73.0,Paris Saint Germain,16.0,Ligue 1,1.0,RES,3.0,,2015-07-01,2024.0,18,France,1335.0,SUB,3.0,Left,3,2,3,Medium/High,Normal (185+),Yes,80900000.0,,"Leadership, Team Player",80.0,43.0,68.0,69.0,83.0,86.0,59,33,80,80,33,63,50,32,75,78,79,80,68,80,59,70,79,79,88,37,90,84,47,64,52,79.0,81,86,84,7,8,14,15,9,,63+3,63+3,63+3,64,64,64,64,64,66+3,66+3,66+3,68+3,72+3,72+3,72+3,68+3,78+3,81+3,81+3,81+3,78+3,80+3,83+3,83+3,83+3,80+3,18+3,1,-1.2972361933301761,1.730252511737524,"Cluster 1: Defending, Physic, Pace"
199845,https://sofifa.com/player/199845/francesco-acerbi/200002,20.0,2.0,2019-09-19,F. Acerbi,Francesco Acerbi,CB,83,83,19000000.0,65000.0,31,1988-02-10,192,88,46.0,Lazio,31.0,Serie A,1.0,CB,33.0,,2018-07-11,2023.0,27,Italy,,,,Left,3,3,2,Medium/Medium,Normal (185+),No,32300000.0,"#Tackling, #Tactician, #Strength, #Complete Defender","Long Passer (AI), Power Header",56.0,50.0,61.0,63.0,86.0,82.0,25,37,82,73,39,65,62,56,77,72,61,52,33,83,35,75,66,82,86,60,75,86,20,65,72,85.0,87,86,85,11,9,9,13,11,,59+2,59+2,59+2,55,59,59,59,55,61+2,61+2,61+2,59+2,70+2,70+2,70+2,59+2,72+2,80+2,80+2,80+2,72+2,74+2,82+1,82+1,82+1,74+2,19+2,1,-2.355741308094693,1.1815490263114228,"Cluster 1: Defending, Physic, Pace"
230375,https://sofifa.com/player/230375/josue-durval-chiamulera-vaz/200002,20.0,2.0,2019-09-19,Josué Chiamulera,Josué Durval Chiamulera Vaz,CB,83,83,23500000.0,43000.0,27,1992-02-29,185,80,1629.0,Grêmio,7.0,Serie A,1.0,RCB,3.0,,2018-01-01,2022.0,54,Brazil,1370.0,RCB,3.0,Right,3,2,1,Medium/Medium,Normal (185+),No,42300000.0,,,80.0,43.0,56.0,64.0,85.0,77.0,40,38,83,74,44,56,45,49,61,70,83,78,77,85,68,53,69,76,73,41,88,84,38,42,56,71.0,85,87,82,16,15,13,15,10,,60+2,60+2,60+2,59,59,59,59,59,60+2,60+2,60+2,61+2,64+2,64+2,64+2,61+2,74+2,77+2,77+2,77+2,74+2,77+2,82+1,82+1,82+1,77+2,22+2,1,-1.7899734578119026,0.3554856119446218,"Cluster 1: Defending, Physic, Pace"
229237,https://sofifa.com/player/229237/manuel-akanji/200002,20.0,2.0,2019-09-19,M. Akanji,Manuel Obafemi Akanji,CB,83,88,31000000.0,77000.0,23,1995-07-19,187,91,22.0,Borussia Dortmund,19.0,Bundesliga,1.0,RCB,16.0,,2018-01-15,2022.0,47,Switzerland,1364.0,CB,5.0,Right,3,2,2,Medium/High,Normal (185+),No,53500000.0,,,78.0,45.0,68.0,72.0,83.0,80.0,53,36,79,80,42,69,46,30,79,76,70,85,69,84,64,69,81,74,84,48,76,81,33,67,40,80.0,84,84,80,10,9,13,6,9,,62+2,62+2,62+2,64,64,64,64,64,67+2,67+2,67+2,67+2,72+2,72+2,72+2,67+2,76+2,80+2,80+2,80+2,76+2,78+2,82+2,82+2,82+2,78+2,17+2,1,-0.8993236194904208,1.5061053696991136,"Cluster 1: Defending, Physic, Pace"
217940,https://sofifa.com/player/217940/dakonam-djene/200002,20.0,2.0,2019-09-19,D. Djené,Djené Dakonam Ortega,CB,83,85,27000000.0,35000.0,27,1991-12-31,178,72,1860.0,Getafe,53.0,La Liga,1.0,RCB,2.0,,2017-07-24,2021.0,144,Togo,,,,Right,4,2,1,Medium/High,Normal (170-185),No,58700000.0,,"Long Throw-in, Solid Player, Dives Into Tackles (AI), Long Passer (AI)",72.0,37.0,61.0,61.0,83.0,79.0,60,29,79,74,22,50,51,48,64,71,74,71,71,81,69,67,79,73,79,27,88,84,49,42,41,72.0,83,85,82,7,15,7,10,10,,59+2,59+2,59+2,58,58,58,58,58,58+2,58+2,58+2,61+2,64+2,64+2,64+2,61+2,75+2,77+2,77+2,77+2,75+2,77+2,82+2,82+2,82+2,77+2,18+2,1,-2.22350827934755,0.6699291527454265,"Cluster 1: Defending, Physic, Pace"
210413,https://sofifa.com/player/210413/alessio-romagnoli/200002,20.0,2.0,2019-09-19,A. Romagnoli,Alessio Romagnoli,CB,83,89,32000000.0,46000.0,24,1995-01-12,188,78,47.0,Milan,31.0,Serie A,1.0,LCB,13.0,,2015-08-11,2022.0,27,Italy,1343.0,SUB,13.0,Left,3,2,2,Medium/High,Normal (185+),No,60800000.0,,Long Passer (AI),63.0,40.0,55.0,66.0,85.0,79.0,36,30,77,72,28,65,36,24,71,70,60,66,60,78,53,64,78,72,80,46,85,86,31,45,34,76.0,88,86,82,9,14,12,8,9,,57+2,57+2,57+2,56,57,57,57,56,58+2,58+2,58+2,59+2,65+2,65+2,65+2,59+2,72+2,78+2,78+2,78+2,72+2,74+2,82+2,82+2,82+2,74+2,18+2,1,-2.4338857586101206,0.5594222092759813,"Cluster 1: Defending, Physic, Pace"
142780,https://sofifa.com/player/142780/gonzalo-rodriguez/170002,17.0,2.0,2016-09-20,G. Rodríguez,Gonzalo Javier Rodríguez,CB,83,83,13500000.0,70000.0,32,1984-04-10,182,79,110374.0,Fiorentina,31.0,Serie A,1.0,CB,2.0,,2012-08-03,2017.0,52,Argentina,,,,Right,3,2,2,Medium/High,Normal (170-185),No,,#Tactician ,"Leadership, Long Passer (AI), Power Header",68.0,47.0,62.0,66.0,85.0,77.0,38,44,86,72,22,62,50,46,76,72,68,68,64,80,60,68,86,66,80,36,80,86,32,64,74,76.0,84,86,82,12,4,11,12,9,,61+1,61+1,61+1,59,61,61,61,59,62+1,62+1,62+1,62+1,68+1,68+1,68+1,62+1,72+1,78+1,78+1,78+1,72+1,75+1,82+1,82+1,82+1,75+1,17+1,1,-1.6610889285224262,0.9184631441973015,"Cluster 1: Defending, Physic, Pace"
186547,https://sofifa.com/player/186547/mateo-musacchio/170002,17.0,2.0,2016-09-20,M. Musacchio,Mateo Pablo Musacchio,CB,83,87,25000000.0,40000.0,25,1990-08-26,182,75,483.0,Villarreal,53.0,La Liga,1.0,RCB,5.0,,2010-07-01,2018.0,52,Argentina,,,,Right,3,2,2,Medium/Medium,Lean (170-185),No,,,Dives Into Tackles (AI),63.0,51.0,67.0,58.0,84.0,76.0,55,48,81,78,36,43,53,45,70,73,60,65,73,81,59,57,83,68,79,53,78,85,50,64,57,70.0,85,84,86,5,11,12,6,12,,62+1,62+1,62+1,60,61,61,61,60,64+1,64+1,64+1,62+1,69+1,69+1,69+1,62+1,74+1,79+1,79+1,79+1,74+1,77+1,82+1,82+1,82+1,77+1,17+1,1,-1.8443885587653814,0.9951449009382533,"Cluster 1: Defending, Physic, Pace"
163824,https://sofifa.com/player/163824/ashley-williams/170002,17.0,2.0,2016-09-20,A. Williams,Ashley Williams,CB,83,83,15000000.0,100000.0,31,1984-08-23,182,91,7.0,Everton,13.0,Premier League,1.0,LCB,5.0,,2016-08-10,2019.0,50,Wales,1367.0,CB,6.0,Right,4,2,3,Medium/High,Stocky (170-185),Yes,,#Strength,"Injury Free, Leadership, Long Passer (AI)",70.0,43.0,56.0,62.0,82.0,82.0,32,37,79,72,34,57,34,23,74,69,68,72,58,81,59,64,86,73,86,40,83,83,28,53,45,80.0,81,85,80,7,10,16,7,10,,58+2,58+2,58+2,56+1,57+1,57+1,57+1,56+1,59+2,59+2,59+2,59+2,66+2,66+2,66+2,59+2,71+2,77+2,77+2,77+2,71+2,74+2,81+2,81+2,81+2,74+2,17+2,1,-2.342476205802711,0.5519596757275035,"Cluster 1: Defending, Physic, Pace"
112316,https://sofifa.com/player/112316/jeremy-mathieu/160002,16.0,2.0,2015-09-21,J. Mathieu,Jérémy Mathieu,"CB, LB",83,83,15000000.0,130000.0,31,1983-10-29,189,84,241.0,FC Barcelona,53.0,La Liga,1.0,SUB,24.0,,2014-07-23,2018.0,18,France,,,,Left,2,2,3,High/Medium,Normal (185+),Yes,,#Strength,"Injury Prone, Avoids Using Weaker Foot, Dives Into Tackles (AI)",76.0,64.0,66.0,55.0,84.0,82.0,79,52,82,66,68,45,79,70,76,65,72,79,65,78,50,80,72,69,90,77,81,85,48,42,60,,83,86,78,13,14,10,9,5,,66+1,66+1,66+1,62+1,61+1,61+1,61+1,62+1,60+1,60+1,60+1,63+1,65+1,65+1,65+1,63+1,75+1,76+1,76+1,76+1,75+1,78+1,82+1,82+1,82+1,78+1,18+1,1,-1.438358211576184,1.1651412275525022,"Cluster 1: Defending, Physic, Pace"
193532,https://sofifa.com/player/193532/gary-medel/170002,17.0,2.0,2016-09-20,G. Medel,Gary Alexis Medel Soto,"CDM, CM",83,83,18500000.0,80000.0,28,1987-08-03,171,71,44.0,Inter,31.0,Serie A,1.0,LDM,17.0,,2014-08-16,2018.0,55,Chile,111459.0,RCB,17.0,Right,4,2,3,Low/High,Stocky (170-185),No,,#Tactician ,"Injury Free, Dives Into Tackles (AI), Leadership, Team Player",76.0,48.0,68.0,73.0,81.0,86.0,55,31,68,78,61,68,35,45,76,74,77,76,78,84,92,65,92,93,81,59,89,86,58,72,62,78.0,79,84,84,14,7,9,6,6,,63+2,63+2,63+2,66+1,67+1,67+1,67+1,66+1,69+2,69+2,69+2,70+2,75+2,75+2,75+2,70+2,79+2,81+2,81+2,81+2,79+2,79+2,81+2,81+2,81+2,79+2,17+2,1,-0.9953442569882234,1.836891837888639,"Cluster 1: Defending, Physic, Pace"
200724,/player/200724/jose-ignacio-fernandez-iglesias/240002,24.0,2.0,2023-09-22,Nacho Fernández,José Ignacio Fernández Iglesias,"CB, LB, RB",83,83,17500000.0,170000.0,33,1990-01-18,180,76,243.0,Real Madrid,53.0,La Liga,1.0,SUB,6.0,,2010-08-01,2024.0,45,Spain,1362.0,SUB,4.0,Right,4,2,2,Low/High,Normal (170-185),Yes,35900000.0,,"Block, Intercept, Aerial",75.0,37.0,69.0,71.0,82.0,80.0,70,32,79,84,38,64,55,37,67,79,69,79,65,81,76,54,84,80,79,28,80,83,37,53,45,75.0,83,83,81,12,7,10,15,7,,59+2,59+2,59+2,63,61,61,61,63,63+2,63+2,63+2,67+2,69+2,69+2,69+2,67+2,79+2,79+2,79+2,79+2,79+2,80+2,82+1,82+1,82+1,80+2,18+2,1,-1.2521567065955077,1.4851682381014495,"Cluster 1: Defending, Physic, Pace"
225100,https://sofifa.com/player/225100/joe-gomez/210002,21.0,2.0,2020-09-23,J. Gomez,Joe Gomez,CB,83,88,49500000.0,95000.0,23,1997-05-23,188,77,9.0,Liverpool,13.0,Premier League,1.0,RCB,12.0,,2015-06-20,2024.0,14,England,1318.0,RCB,5.0,Right,3,3,2,Medium/Medium,Unique,Yes,59700000.0,,"Long Throw-in, Injury Prone",82.0,30.0,66.0,69.0,83.0,80.0,69,26,74,78,24,67,41,29,65,73,78,85,65,83,66,41,76,74,83,26,81,84,51,60,26,74.0,83,85,82,8,13,14,7,7,,58+2,58+2,58+2,64,62,62,62,64,64+2,64+2,64+2,68+2,69+2,69+2,69+2,68+2,79+2,78+2,78+2,78+2,79+2,80+2,82+2,82+2,82+2,80+2,17+2,1,-1.5280259685609796,1.1706974084438424,"Cluster 1: Defending, Physic, Pace"
213661,/player/213661/andreas-christensen/240002,24.0,2.0,2023-09-22,A. Christensen,Andreas Bødtker Christensen,CB,83,85,38500000.0,155000.0,27,1996-04-10,187,82,241.0,FC Barcelona,53.0,La Liga,1.0,LCB,15.0,,2022-07-04,2026.0,13,Denmark,1331.0,LCB,6.0,Right,3,2,2,Low/Medium,Lean (185+),Yes,81800000.0,#Tactician ,,67.0,32.0,68.0,71.0,85.0,76.0,51,36,80,83,25,67,41,39,79,79,57,76,61,84,61,37,80,73,78,20,75,86,32,62,36,79.0,86,86,84,10,12,8,6,8,,57+2,57+2,57+2,61,60,60,60,61,64+2,64+2,64+2,66+2,71+2,71+2,71+2,66+2,77+2,81+2,81+2,81+2,77+2,78+2,83+2,83+2,83+2,78+2,17+2,1,-1.6223462062084162,1.318897261992276,"Cluster 1: Defending, Physic, Pace"
241464,/player/241464/pau-francisco-torres/240002,24.0,2.0,2023-09-22,Pau Torres,Pau Francisco Torres,CB,83,86,42000000.0,100000.0,26,1997-01-16,191,80,2.0,Aston Villa,13.0,Premier League,1.0,LCB,14.0,,2023-07-12,2028.0,45,Spain,1362.0,SUB,24.0,Left,3,2,3,Medium/High,Lean (185+),Yes,83000000.0,,"Power Header, Long Ball Pass",72.0,38.0,68.0,70.0,84.0,81.0,55,28,85,80,41,64,45,28,78,80,69,75,67,80,52,58,87,80,81,40,79,83,42,67,42,73.0,84,85,83,11,13,13,13,9,,60+3,60+3,60+3,63,63,63,63,63,66+3,66+3,66+3,67+3,72+3,72+3,72+3,67+3,77+3,81+3,81+3,81+3,77+3,79+3,83+3,83+3,83+3,79+3,19+3,1,-1.4900208414468237,1.538161166519798,"Cluster 1: Defending, Physic, Pace"
251809,/player/251809/sven-botman/240002,24.0,2.0,2023-09-22,S. Botman,Sven Botman,CB,83,87,47000000.0,105000.0,23,2000-01-12,193,81,13.0,Newcastle United,13.0,Premier League,1.0,LCB,4.0,,2022-07-01,2027.0,34,Netherlands,105035.0,RES,26.0,Left,3,2,2,Medium/High,Normal (185+),No,92800000.0,#Strength,"Long Ball Pass, Jockey, Bruiser",65.0,37.0,63.0,66.0,84.0,84.0,43,24,81,79,27,63,47,28,76,74,53,75,57,83,34,65,84,70,90,37,86,82,45,59,37,77.0,85,84,84,12,9,8,6,14,,59+2,59+2,59+2,59,60,60,60,59,63+2,63+2,63+2,63+2,70+2,70+2,70+2,63+2,74+2,80+2,80+2,80+2,74+2,76+2,83+2,83+2,83+2,76+2,18+2,1,-2.294092898878623,1.3046144447680506,"Cluster 1: Defending, Physic, Pace"
243715,/player/243715/william-saliba/240002,24.0,2.0,2023-09-22,W. Saliba,William Alain André Gabriel Saliba,CB,83,89,53000000.0,105000.0,22,2001-03-24,193,85,1.0,Arsenal,13.0,Premier League,1.0,RCB,2.0,,2019-07-25,2024.0,18,France,,,,Right,3,2,2,Medium/High,Normal (185+),Yes,111300000.0,#Strength,"Power Header, Jockey, Anticipate",82.0,39.0,69.0,73.0,84.0,82.0,58,35,72,83,34,72,55,35,76,81,77,86,50,84,59,60,87,70,87,23,83,82,43,62,47,81.0,85,87,83,7,10,6,8,11,,62+2,62+2,62+2,65,65,65,65,65,67+2,67+2,67+2,70+2,72+2,72+2,72+2,70+2,78+2,81+2,81+2,81+2,78+2,80+2,83+2,83+2,83+2,80+2,17+2,1,-0.9739078754822542,1.6804056461845316,"Cluster 1: Defending, Physic, Pace"
219693,https://sofifa.com/player/219693/diego-carlos-santos-silva/210002,21.0,2.0,2020-09-23,Diego Carlos,Diego Carlos Santos Silva,CB,83,85,38500000.0,39000.0,27,1993-03-15,185,86,481.0,Sevilla,53.0,La Liga,1.0,LCB,20.0,,2019-07-01,2024.0,54,Brazil,,,,Right,4,3,2,Medium/High,Stocky (185+),No,58700000.0,#Strength,"Solid Player, Long Passer (AI)",77.0,47.0,63.0,67.0,82.0,83.0,35,32,79,76,34,65,47,71,74,71,78,76,68,82,55,73,82,74,86,57,85,84,52,63,41,75.0,83,82,81,7,10,14,7,11,,63+2,63+2,63+2,62,65,65,65,62,66+2,66+2,66+2,64+2,71+2,71+2,71+2,64+2,73+2,79+2,79+2,79+2,73+2,75+2,82+2,82+2,82+2,75+2,17+2,1,-1.449048211908968,1.1876405289404908,"Cluster 1: Defending, Physic, Pace"
247819,/player/247819/nico-schlotterbeck/240002,24.0,2.0,2023-09-22,N. Schlotterbeck,Nico Schlotterbeck,CB,83,88,49500000.0,51000.0,23,1999-12-01,191,90,22.0,Borussia Dortmund,19.0,Bundesliga,1.0,SUB,4.0,,2022-07-01,2027.0,21,Germany,1337.0,SUB,24.0,Left,2,3,3,High/High,Normal (185+),Yes,87900000.0,,"Power Header, Long Ball Pass, Jockey, Block, Intercept, Slide Tackle, Aerial",78.0,58.0,67.0,73.0,85.0,82.0,48,51,85,77,51,73,49,38,81,72,79,77,68,83,66,75,93,73,84,63,83,83,58,68,38,77.0,84,87,82,8,10,8,14,13,,70+3,70+3,70+3,68,70,70,70,68,71+3,71+3,71+3,70+3,74+3,74+3,74+3,70+3,76+3,80+3,80+3,80+3,76+3,78+3,83+3,83+3,83+3,78+3,19+3,1,-0.5698141278003908,1.7220979067489408,"Cluster 1: Defending, Physic, Pace"
197655,https://sofifa.com/player/197655/sebastian-coates/220002,22.0,2.0,2021-09-23,S. Coates,Sebastián Coates Nión,CB,83,83,30000000.0,21000.0,30,1990-10-07,196,92,237.0,Sporting CP,308.0,Liga Portugal,1.0,CB,4.0,,2017-01-31,2023.0,60,Uruguay,,,,Right,3,2,3,Medium/Medium,Normal (185+),Yes,60000000.0,"#Aerial Threat, #Tackling, #Strength","Solid Player, Dives Into Tackles (AI), Leadership, Long Passer (AI), Team Player",68.0,49.0,55.0,63.0,84.0,87.0,17,55,82,74,48,65,39,19,72,70,65,70,37,77,31,50,57,80,94,30,84,82,49,60,72,79.0,85,86,85,16,13,15,16,13,,64+3,64+3,64+3,58,63,63,63,58,63+3,63+3,63+3,62+3,69+3,69+3,69+3,62+3,71+3,79+3,79+3,79+3,71+3,74+3,83,83,83,74+3,21+3,1,-2.425071578224705,0.9076507488335449,"Cluster 1: Defending, Physic, Pace"
179645,https://sofifa.com/player/179645/simon-kjaer/220002,22.0,2.0,2021-09-23,S. Kjær,Simon Thorup Kjær,CB,83,83,23500000.0,54000.0,32,1989-03-26,190,86,47.0,Milan,31.0,Serie A,1.0,RCB,24.0,,2020-01-13,2022.0,13,Denmark,1331.0,CB,4.0,Right,3,2,3,Low/High,Normal (185+),Yes,40000000.0,,"Leadership, Long Passer (AI)",67.0,55.0,64.0,59.0,85.0,78.0,50,55,81,76,37,50,52,69,72,70,63,71,57,79,53,78,81,65,82,41,82,85,31,55,61,69.0,87,85,81,6,10,13,10,15,,63+3,63+3,63+3,58,60,60,60,58,60+3,60+3,60+3,61+3,66+3,66+3,66+3,61+3,73+3,78+3,78+3,78+3,73+3,75+3,82+1,82+1,82+1,75+3,18+3,1,-1.7579729237587716,0.9641319973302312,"Cluster 1: Defending, Physic, Pace"
232488,/player/232488/cristian-romero/230002,23.0,2.0,2022-09-26,C. Romero,Cristian Gabriel Romero,CB,83,88,49500000.0,95000.0,24,1998-04-27,185,79,18.0,Tottenham Hotspur,13.0,Premier League,1.0,RCB,17.0,,2022-08-30,2027.0,52,Argentina,1369.0,RCB,13.0,Right,2,3,3,Medium/High,Normal (185+),No,97800000.0,#Tackling ,"Dives Into Tackles (AI), Long Passer (AI)",73.0,46.0,57.0,65.0,85.0,82.0,42,48,83,74,52,59,54,38,64,68,75,72,67,82,68,51,85,74,82,36,90,82,43,41,40,80.0,86,86,85,5,7,11,10,14,,62+3,62+3,62+3,59,60,60,60,59,60+3,60+3,60+3,61+3,64+3,64+3,64+3,61+3,74+3,77+3,77+3,77+3,74+3,76+3,83+3,83+3,83+3,76+3,17+3,1,-2.0017376179304676,0.7965819942712685,"Cluster 1: Defending, Physic, Pace"
201862,https://sofifa.com/player/201862/marcos-rojo/180002,18.0,2.0,2017-09-18,M. Rojo,Faustino Marcos Alberto Rojo,"CB, LB",82,83,21000000.0,130000.0,27,1990-03-20,187,80,11.0,Manchester United,13.0,Premier League,1.0,SUB,5.0,,2014-08-20,2019.0,52,Argentina,,,,Left,2,3,3,Medium/High,Normal (185+),Yes,40400000.0,,"Avoids Using Weaker Foot, Dives Into Tackles (AI), Long Passer (AI), Power Header",71.0,59.0,69.0,68.0,81.0,83.0,75,50,82,72,49,67,67,57,73,68,70,71,72,77,64,79,85,79,82,63,92,80,57,57,64,74.0,79,82,80,7,8,12,15,10,,67+2,67+2,67+2,66+1,66+1,66+1,66+1,66+1,66+2,66+2,66+2,68+2,69+2,69+2,69+2,68+2,76+2,77+2,77+2,77+2,76+2,77+2,80+2,80+2,80+2,77+2,17+2,1,-0.8981845961699065,1.6956412402487027,"Cluster 1: Defending, Physic, Pace"
230225,https://sofifa.com/player/230225/juan-everton-mestres-de-mesquita/190002,19.0,2.0,2018-08-21,Heberto Gaúcho,Juan Heberto Mestres de Mesquita,"CB, CDM",82,82,6500000.0,40000.0,34,1984-02-29,181,82,568.0,Cruzeiro,7.0,Serie A,1.0,RCB,3.0,,2018-01-01,2021.0,54,Brazil,1370.0,RCB,3.0,Right,3,2,1,High/Medium,Normal (170-185),No,12400000.0,,Power Header,71.0,61.0,57.0,62.0,82.0,80.0,40,56,83,67,63,60,72,58,58,64,68,74,61,78,63,74,91,76,79,61,86,82,58,50,62,70.0,77,85,84,58,62,54,71,48,,67+1,67+1,67+1,61,64,64,64,61,62+1,62+1,62+1,62+1,65+1,65+1,65+1,62+1,71+1,74+1,74+1,74+1,71+1,74+1,81+1,81+1,81+1,74+1,61+1,1,-1.587598979889512,0.6073235349884908,"Cluster 1: Defending, Physic, Pace"
173521,https://sofifa.com/player/173521/ivan-marcano-sierra/190002,19.0,2.0,2018-08-21,Marcano,Iván Marcano Sierra,CB,82,82,15000000.0,70000.0,31,1987-06-23,187,77,52.0,Roma,31.0,Serie A,1.0,SUB,15.0,,2018-07-01,2021.0,45,Spain,,,,Left,3,2,3,Medium/Medium,Normal (185+),No,25500000.0,,Power Header,68.0,46.0,60.0,60.0,83.0,79.0,49,43,83,76,34,54,39,37,67,67,67,69,58,78,56,65,91,78,77,42,82,82,30,48,45,72.0,85,84,80,8,16,7,14,16,,59+2,59+2,59+2,57,57,57,57,57,58+2,58+2,58+2,60+2,65+2,65+2,65+2,60+2,73+2,76+2,76+2,76+2,73+2,75+2,81+1,81+1,81+1,75+2,20+2,1,-2.1453146597029846,0.6575234627898937,"Cluster 1: Defending, Physic, Pace"
201305,https://sofifa.com/player/201305/gabriel-armando-de-abreu/190002,19.0,2.0,2018-08-21,Gabriel Paulista,Gabriel Armando de Abreu,"CB, RB",82,83,21000000.0,40000.0,27,1990-11-26,187,79,461.0,Valencia,53.0,La Liga,1.0,LCB,5.0,,2017-08-18,2022.0,54,Brazil,,,,Right,2,2,2,Low/High,Lean (185+),Yes,45700000.0,,Dives Into Tackles (AI),73.0,49.0,68.0,65.0,83.0,80.0,67,42,81,74,48,60,57,46,69,69,71,74,69,80,67,61,83,72,82,50,82,82,51,65,51,71.0,82,84,83,15,6,15,15,7,,63+1,63+1,63+1,64,63,63,63,64,65+1,65+1,65+1,66+1,69+1,69+1,69+1,66+1,76+1,77+1,77+1,77+1,76+1,77+1,81+1,81+1,81+1,77+1,19+1,1,-1.3045042238895004,1.36763786690984,"Cluster 1: Defending, Physic, Pace"
204525,/player/204525/inigo-martinez-berridi/240002,24.0,2.0,2023-09-22,Iñigo Martínez,Íñigo Martínez Berridi,CB,82,82,20000000.0,145000.0,32,1991-05-17,182,76,241.0,FC Barcelona,53.0,La Liga,1.0,SUB,5.0,,2023-07-05,2025.0,45,Spain,,,,Left,3,2,2,Medium/Medium,Normal (170-185),Yes,41000000.0,,"Long Ball Pass, Slide Tackle",71.0,56.0,67.0,61.0,82.0,80.0,53,42,81,75,37,48,72,71,80,74,70,72,66,81,60,81,87,69,82,74,86,83,52,55,39,70.0,82,82,85,12,16,11,13,11,,65+2,65+2,65+2,62,63,63,63,62,64+2,64+2,64+2,63+2,70+2,70+2,70+2,63+2,74+2,79+2,79+2,79+2,74+2,76+2,82,82,82,76+2,20+2,1,-1.3742355390894743,1.212124862128665,"Cluster 1: Defending, Physic, Pace"
251517,/player/251517/josko-gvardiol/240002,24.0,2.0,2023-09-22,J. Gvardiol,Joško Gvardiol,"CB, LB",82,88,44500000.0,95000.0,21,2002-01-23,185,80,10.0,Manchester City,13.0,Premier League,1.0,SUB,24.0,,2023-08-05,2028.0,10,Croatia,1328.0,LCB,4.0,Left,4,3,3,High/High,Normal (185+),Yes,91200000.0,,"Block +, Power Header, Incisive Pass, Long Ball Pass, Jockey",78.0,54.0,69.0,74.0,82.0,83.0,61,42,78,76,54,75,59,59,74,76,80,76,68,79,67,76,90,79,83,56,86,82,58,65,61,75.0,81,84,84,5,8,6,9,11,,67+3,67+3,67+3,68,69,69,69,68,69+3,69+3,69+3,71+3,73+3,73+3,73+3,71+3,77+3,79+3,79+3,79+3,77+3,79+3,82+3,82+3,82+3,79+3,16+3,1,-0.5389971560617213,1.8180182847241972,"Cluster 1: Defending, Physic, Pace"
229558,/player/229558/dayot-upamecano/240002,24.0,2.0,2023-09-22,D. Upamecano,Dayotchanculle Oswald Upamecano,CB,82,86,39500000.0,59000.0,24,1998-10-27,186,90,21.0,FC Bayern München,19.0,Bundesliga,1.0,SUB,2.0,,2021-07-05,2026.0,18,France,1335.0,LCB,4.0,Right,3,3,3,Medium/Medium,Stocky (185+),Yes,68100000.0,#Strength,"Incisive Pass, Bruiser",83.0,45.0,63.0,72.0,81.0,83.0,48,39,80,77,33,71,36,28,76,75,76,88,66,81,67,64,91,65,88,42,89,79,47,58,39,74.0,80,84,82,6,7,8,15,9,,64+3,64+3,64+3,65,65,65,65,65,66+3,66+3,66+3,67+3,70+3,70+3,70+3,67+3,74+3,78+3,78+3,78+3,74+3,76+3,82+3,82+3,82+3,76+3,17+3,1,-1.0343524636369532,1.2422620039295431,"Cluster 1: Defending, Physic, Pace"
163419,https://sofifa.com/player/163419/bacary-sagna/170002,17.0,2.0,2016-09-20,B. Sagna,Bacary Sagna,RB,82,82,8500000.0,130000.0,33,1983-02-14,176,72,10.0,Manchester City,13.0,Premier League,1.0,RB,3.0,,2014-07-01,2017.0,18,France,,,,Right,4,3,3,High/Medium,Normal (170-185),Yes,,,Early Crosser,75.0,53.0,66.0,74.0,83.0,80.0,80,40,79,66,56,74,66,47,64,75,75,75,68,80,76,69,84,84,79,62,75,79,66,59,59,84.0,84,84,84,11,9,7,9,9,,67+2,67+2,67+2,69+1,67+1,67+1,67+1,69+1,67+2,67+2,67+2,71+2,70+2,70+2,70+2,71+2,79+2,76+2,76+2,76+2,79+2,80+2,80+2,80+2,80+2,80+2,17+2,1,-0.7029036738733564,1.499091488873265,"Cluster 1: Defending, Physic, Pace"
177458,https://sofifa.com/player/177458/sven-bender/170002,17.0,2.0,2016-09-20,S. Bender,Sven Bender,"CB, CDM",82,83,18500000.0,70000.0,27,1989-04-27,186,78,22.0,Borussia Dortmund,19.0,Bundesliga,1.0,SUB,6.0,,2009-07-01,2021.0,21,Germany,,,,Right,4,2,2,Medium/High,Lean (185+),Yes,,#Tackling ,"Injury Prone, Dives Into Tackles (AI)",66.0,54.0,63.0,63.0,84.0,81.0,52,43,77,74,54,58,33,40,69,68,64,67,62,79,62,73,76,87,77,62,86,87,49,65,42,82.0,81,86,87,13,7,8,14,15,,63+1,63+1,63+1,61,63,63,63,61,64+1,64+1,64+1,64+1,70+1,70+1,70+1,64+1,76+1,79+1,79+1,79+1,76+1,77+1,81+1,81+1,81+1,77+1,19+1,1,-1.7420432801222558,1.147119492039922,"Cluster 1: Defending, Physic, Pace"
245309,https://sofifa.com/player/245309/egidio-maestre-schetino/200002,20.0,2.0,2019-09-19,E. Schetino,Egidio Maestre Schetino,CB,82,82,,,27,1992-02-29,185,80,,,,,,,,,,,60,Uruguay,1377.0,RCB,4.0,Right,3,2,1,Medium/Medium,Normal (185+),No,,,,80.0,43.0,56.0,65.0,83.0,76.0,40,38,83,74,44,56,45,49,61,72,83,78,77,85,68,53,69,76,73,41,86,82,38,42,56,71.0,84,85,76,58,40,64,56,43,,60+2,60+2,60+2,59,59,59,59,59,60+2,60+2,60+2,61+2,64+2,64+2,64+2,61+2,73+2,76+2,76+2,76+2,73+2,76+2,81+1,81+1,81+1,76+2,54+2,1,-1.6561344442841968,0.2633662987815057,"Cluster 1: Defending, Physic, Pace"
229668,https://sofifa.com/player/229668/mario-hermoso-canseco/220002,22.0,2.0,2021-09-23,Mario Hermoso,Mario Hermoso Canseco,"CB, LB",82,85,35500000.0,62000.0,26,1995-06-18,185,76,240.0,Atlético Madrid,53.0,La Liga,1.0,LCB,22.0,,2019-07-18,2024.0,45,Spain,,,,Left,3,2,1,Medium/High,Normal (185+),Yes,75400000.0,,Dives Into Tackles (AI),75.0,49.0,72.0,71.0,83.0,80.0,71,42,79,78,41,66,68,55,77,75,73,77,74,82,63,65,82,77,81,46,83,83,64,66,45,79.0,83,84,81,13,8,10,5,8,,66+2,66+2,66+2,68,67,67,67,68,69+2,69+2,69+2,71+2,73+2,73+2,73+2,71+2,78+2,80+2,80+2,80+2,78+2,79+2,82+2,82+2,82+2,79+2,17+2,1,-0.7396038955586379,1.7881916687215538,"Cluster 1: Defending, Physic, Pace"
233096,https://sofifa.com/player/233096/denzel-dumfries/220002,22.0,2.0,2021-09-23,D. Dumfries,Denzel Justus Morris Dumfries,RB,82,84,35000000.0,100000.0,25,1996-04-18,188,80,44.0,Inter,31.0,Serie A,1.0,SUB,2.0,,2021-08-15,2025.0,34,Netherlands,105035.0,RB,22.0,Right,3,2,3,High/Medium,Normal (185+),Yes,62100000.0,,"Long Throw-in, Solid Player, Speed Dribbler (AI)",80.0,61.0,66.0,72.0,78.0,89.0,73,64,84,74,38,71,50,35,65,74,76,84,68,80,60,66,92,94,89,54,83,77,74,58,48,73.0,75,79,77,10,10,7,13,14,,73+3,73+3,73+3,72,71,71,71,72,70+3,70+3,70+3,73+3,72+3,72+3,72+3,73+3,78+3,76+3,76+3,76+3,78+3,79+3,80+3,80+3,80+3,79+3,19+3,1,-0.6293646305085895,1.7963398140277678,"Cluster 1: Defending, Physic, Pace"
225341,/player/225341/david-garcia-zubiria/240002,24.0,2.0,2023-09-22,David García,David García Zubiría,CB,82,83,28000000.0,39000.0,29,1994-02-14,185,72,479.0,Osasuna,53.0,La Liga,1.0,LCB,5.0,,2013-08-02,2026.0,45,Spain,1362.0,SUB,22.0,Right,3,2,2,Medium/Medium,Lean (185+),Yes,60900000.0,,"Power Header, Intercept, Slide Tackle, Aerial",59.0,37.0,66.0,65.0,83.0,77.0,61,35,85,82,37,60,40,38,72,79,58,59,45,78,57,47,83,69,79,25,82,83,51,52,44,67.0,82,83,84,11,16,7,7,8,,59+2,59+2,59+2,60,60,60,60,60,62+2,62+2,62+2,64+2,69+2,69+2,69+2,64+2,75+2,79+2,79+2,79+2,75+2,76+2,82+1,82+1,82+1,76+2,18+2,1,-2.1177877712650295,1.0945474418263605,"Cluster 1: Defending, Physic, Pace"
226221,/player/226221/aritz-elustondo/230002,23.0,2.0,2022-09-26,Aritz Elustondo,Aritz Elustondo Irribaria,"CB, RB",82,83,29000000.0,43000.0,28,1994-03-28,180,71,457.0,Real Sociedad,53.0,La Liga,1.0,SUB,6.0,,2014-12-04,2024.0,45,Spain,,,,Right,3,2,1,Low/High,Lean (170-185),Yes,63100000.0,,"Solid Player, Long Passer (AI)",64.0,39.0,65.0,62.0,82.0,78.0,72,35,83,84,37,48,53,41,65,78,61,67,59,84,56,44,86,71,78,42,83,82,38,32,43,77.0,81,83,82,7,10,12,15,8,,58+2,58+2,58+2,59,57,57,57,59,59+2,59+2,59+2,62+2,65+2,65+2,65+2,62+2,77+2,78+2,78+2,78+2,77+2,78+2,82+1,82+1,82+1,78+2,18+2,1,-2.119442146733274,0.9437410839916691,"Cluster 1: Defending, Physic, Pace"
183556,https://sofifa.com/player/183556/neven-subotic/150002,15.0,2.0,2014-09-18,N. Subotić,Neven Subotić,CB,82,84,15000000.0,130000.0,25,1988-12-10,193,88,22.0,Borussia Dortmund,19.0,Bundesliga,1.0,LCB,4.0,,2008-07-01,2016.0,51,Serbia,,,,Right,3,2,3,Medium/Medium,Lean (185+),Yes,,#Tackling ,"Long Passer (AI), Power Header",71.0,57.0,58.0,57.0,83.0,79.0,47,44,85,68,54,48,33,64,72,64,67,75,66,79,66,83,73,67,84,61,84,74,48,46,67,,83,86,86,6,5,10,8,6,,63+1,63+1,63+1,58+1,62+1,62+1,62+1,58+1,59+1,59+1,59+1,60+1,64+1,64+1,64+1,60+1,71+1,73+1,73+1,73+1,71+1,76+1,81+1,81+1,81+1,76+1,11+1,1,-1.9336611131853905,0.4848716846915806,"Cluster 1: Defending, Physic, Pace"
219809,https://sofifa.com/player/219809/tiemoue-bakayoko/180002,18.0,2.0,2017-09-18,T. Bakayoko,Tiemoué Bakayoko,"CDM, CM",82,88,26000000.0,100000.0,22,1994-08-17,185,77,5.0,Chelsea,13.0,Premier League,1.0,LCM,14.0,,2017-07-15,2022.0,18,France,,,,Right,3,2,2,Medium/Medium,Lean (185+),No,53300000.0,,,73.0,49.0,70.0,75.0,81.0,83.0,54,39,72,80,36,75,49,37,78,78,75,72,66,78,62,72,78,86,82,51,85,81,60,75,45,74.0,80,84,82,11,15,11,14,10,,65+1,65+1,65+1,68,69,69,69,68,71+1,71+1,71+1,71+1,76+1,76+1,76+1,71+1,77+1,81+1,81+1,81+1,77+1,78+1,80+1,80+1,80+1,78+1,20+1,1,-0.7445817071681917,1.885662429114966,"Cluster 1: Defending, Physic, Pace"
207599,https://sofifa.com/player/207599/michael-keane/180002,18.0,2.0,2017-09-18,M. Keane,Michael Keane,CB,81,87,21000000.0,90000.0,24,1993-01-11,191,82,7.0,Everton,13.0,Premier League,1.0,RCB,4.0,,2017-07-03,2022.0,14,England,,,,Right,3,2,2,Medium/High,Normal (185+),Yes,44100000.0,,"Injury Free, Power Header",72.0,49.0,64.0,68.0,82.0,82.0,60,50,84,74,40,66,53,33,71,71,73,72,63,76,64,58,83,79,88,46,68,81,29,56,48,75.0,84,82,80,16,7,8,14,11,,62+1,62+1,62+1,62,61,61,61,62,62+1,62+1,62+1,65+1,67+1,67+1,67+1,65+1,75+1,77+1,77+1,77+1,75+1,77+1,80+1,80+1,80+1,77+1,19+1,1,-1.4021545798740294,1.2736388114323618,"Cluster 1: Defending, Physic, Pace"
53578,https://sofifa.com/player/53578/nigel-de-jong/150002,15.0,2.0,2014-09-18,N. de Jong,Nigel de Jong,"CDM, CM",81,81,8500000.0,100000.0,29,1984-11-30,174,72,47.0,Milan,31.0,Serie A,1.0,CDM,34.0,,2012-08-01,2015.0,34,Netherlands,105035.0,CM,6.0,Right,3,2,3,Low/High,Normal (170-185),Yes,,,Dives Into Tackles (AI),71.0,51.0,72.0,72.0,78.0,82.0,59,39,59,82,53,65,59,50,82,79,74,68,74,75,86,71,78,80,82,56,87,85,55,69,58,,72,82,84,2,4,2,2,4,,61+1,61+1,61+1,67+1,64+1,64+1,64+1,67+1,69+1,69+1,69+1,71+1,75+1,75+1,75+1,71+1,76+1,80+1,80+1,80+1,76+1,77+1,78+1,78+1,78+1,77+1,7+1,1,-0.7174081163711264,1.806985645271959,"Cluster 1: Defending, Physic, Pace"
152039,https://sofifa.com/player/152039/daniel-agger/150002,15.0,2.0,2014-09-18,D. Agger,Daniel Munthe Agger,CB,81,81,9000000.0,100000.0,29,1984-12-12,191,79,269.0,Brøndby,1.0,Superliga,1.0,SUB,22.0,,2014-08-30,2016.0,13,Denmark,,,,Left,3,2,3,High/Medium,Normal (185+),Yes,,,"Injury Prone, Team Player",73.0,65.0,66.0,61.0,83.0,77.0,54,58,83,76,38,56,52,72,72,71,68,77,53,75,47,86,70,76,77,71,79,81,42,59,67,,82,84,83,13,9,13,14,13,,65+1,65+1,65+1,62+1,67+1,67+1,67+1,62+1,64+1,64+1,64+1,64+1,69+1,69+1,69+1,64+1,74+1,76+1,76+1,76+1,74+1,78+1,80+1,80+1,80+1,78+1,16+1,1,-0.9591044586874659,1.0503713843494846,"Cluster 1: Defending, Physic, Pace"
247263,https://sofifa.com/player/247263/edmond-tapsoba/220002,22.0,2.0,2021-09-23,E. Tapsoba,Edmond Fayçal Tapsoba,CB,81,88,48500000.0,49000.0,22,1999-02-02,194,85,32.0,Bayer 04 Leverkusen,19.0,Bundesliga,1.0,RCB,12.0,,2020-01-31,2026.0,101,Burkina Faso,,,,Right,3,2,2,Medium/High,Normal (185+),No,92200000.0,#Aerial Threat,"Long Passer (AI), Power Header",75.0,52.0,65.0,69.0,82.0,79.0,39,54,82,81,33,66,46,32,80,72,74,75,67,77,65,74,78,75,81,30,80,83,34,66,77,80.0,82,84,77,5,10,13,7,15,,64+2,64+2,64+2,62,64,64,64,62,66+2,66+2,66+2,65+2,71+2,71+2,71+2,65+2,73+2,79+2,79+2,79+2,73+2,75+2,81+2,81+2,81+2,75+2,17+2,1,-0.9945973216125595,1.1974715630914026,"Cluster 1: Defending, Physic, Pace"
237678,/player/237678/ibrahima-konate/230002,23.0,2.0,2022-09-26,I. Konaté,Ibrahima Konaté,CB,81,88,48000000.0,90000.0,23,1999-05-25,194,95,9.0,Liverpool,13.0,Premier League,1.0,SUB,5.0,,2021-07-01,2026.0,18,France,,,,Right,2,3,2,Medium/High,Stocky (185+),Yes,98400000.0,"#Aerial Threat, #Strength",Injury Prone,78.0,34.0,57.0,67.0,82.0,80.0,38,29,79,75,28,67,32,27,69,69,69,85,60,75,54,45,75,65,87,31,80,82,37,51,41,74.0,80,85,79,9,7,9,9,15,,57+2,57+2,57+2,58,58,58,58,58,60+2,60+2,60+2,61+2,65+2,65+2,65+2,61+2,72+2,76+2,76+2,76+2,72+2,74+2,81+2,81+2,81+2,74+2,17+2,1,-2.0001933972343773,0.537444569539701,"Cluster 1: Defending, Physic, Pace"
236403,/player/236403/evan-ndicka/230002,23.0,2.0,2022-09-26,E. Ndicka,Obite Evan N'Dicka,CB,81,85,34000000.0,30000.0,22,1999-08-20,192,82,1824.0,Eintracht Frankfurt,19.0,Bundesliga,1.0,LCB,2.0,,2018-07-05,2023.0,18,France,,,,Left,3,2,2,High/Medium,Normal (185+),No,60400000.0,,,80.0,51.0,71.0,73.0,81.0,79.0,68,45,82,78,33,74,59,30,76,78,74,84,54,82,55,65,82,76,81,54,78,79,68,73,33,82.0,82,83,77,13,8,7,8,8,,69+2,69+2,69+2,71,71,71,71,71,72+2,72+2,72+2,73+2,75+2,75+2,75+2,73+2,78+2,79+2,79+2,79+2,78+2,78+2,81+2,81+2,81+2,78+2,17+2,1,-0.37097207457190323,1.6346895799097017,"Cluster 1: Defending, Physic, Pace"
227950,https://sofifa.com/player/227950/yeray-alvarez-lopez/220002,22.0,2.0,2021-09-23,Yeray,Yeray Álvarez López,CB,81,83,28000000.0,33000.0,26,1995-01-24,182,79,448.0,Athletic Club,53.0,La Liga,1.0,RCB,5.0,,2014-07-01,2026.0,45,Spain,,,,Right,3,2,2,Medium/Medium,Normal (170-185),Yes,60900000.0,#Tactician ,Dives Into Tackles (AI),68.0,49.0,62.0,64.0,82.0,77.0,48,41,74,78,55,56,56,50,70,72,64,71,54,80,74,69,90,69,77,43,83,86,39,48,61,78.0,83,82,81,12,9,8,12,11,,61+2,61+2,61+2,59,60,60,60,59,61+2,61+2,61+2,61+2,66+2,66+2,66+2,61+2,73+2,77+2,77+2,77+2,73+2,75+2,81+2,81+2,81+2,75+2,18+2,1,-1.6419811318982784,0.777143583416249,"Cluster 1: Defending, Physic, Pace"
204311,https://sofifa.com/player/204311/kurt-zouma/220002,22.0,2.0,2021-09-23,K. Zouma,Kurt Happy Zouma,CB,81,84,30000000.0,75000.0,26,1994-10-27,190,95,19.0,West Ham United,13.0,Premier League,1.0,SUB,4.0,,2021-08-28,2025.0,18,France,1335.0,SUB,15.0,Right,3,2,2,Medium/Medium,Normal (185+),Yes,59300000.0,#Strength,Power Header,65.0,51.0,63.0,57.0,81.0,85.0,49,47,84,72,47,50,60,59,68,64,54,74,52,78,52,63,91,67,93,49,84,80,49,60,59,69.0,81,82,78,14,14,7,9,15,,62+2,62+2,62+2,58,60,60,60,58,60+2,60+2,60+2,60+2,66+2,66+2,66+2,60+2,70+2,75+2,75+2,75+2,70+2,73+2,81+2,81+2,81+2,73+2,20+2,1,-2.293566940398092,1.0932574542282885,"Cluster 1: Defending, Physic, Pace"
188829,https://sofifa.com/player/188829/nicolas-nkoulou/170002,17.0,2.0,2016-09-20,N. Nkoulou,Nicolas N'Koulou,CB,81,83,16500000.0,50000.0,26,1990-03-27,180,77,66.0,Olympique Lyonnais,16.0,Ligue 1,1.0,LCB,3.0,,2016-06-29,2020.0,103,Cameroon,1395.0,SUB,3.0,Right,3,2,3,Medium/Medium,Normal (170-185),Yes,,,,76.0,44.0,67.0,70.0,79.0,75.0,60,33,74,77,64,64,37,28,76,78,73,78,68,80,78,58,86,70,75,46,79,77,54,67,50,82.0,78,82,84,6,7,6,15,7,,62+2,62+2,62+2,65+1,65+1,65+1,65+1,65+1,67+2,67+2,67+2,68+2,71+2,71+2,71+2,68+2,75+2,77+2,77+2,77+2,75+2,77+2,79+2,79+2,79+2,77+2,16+2,1,-0.8752845739094963,0.9832216579197802,"Cluster 1: Defending, Physic, Pace"
157304,https://sofifa.com/player/157304/thomas-vermaelen/170002,17.0,2.0,2016-09-20,T. Vermaelen,Thomas Vermaelen,"CB, LB",81,81,12000000.0,70000.0,30,1985-11-14,183,80,52.0,Roma,31.0,Serie A,1.0,LCB,15.0,FC Barcelona,,2017.0,7,Belgium,1325.0,SUB,18.0,Left,3,2,3,High/Medium,Normal (170-185),Yes,,,"Power Free-Kick, Injury Prone, Avoids Using Weaker Foot, Dives Into Tackles (AI), Long Passer (AI), Power Header",68.0,61.0,67.0,59.0,80.0,75.0,63,52,84,78,56,55,61,64,74,64,69,67,60,73,57,80,88,60,80,68,77,75,41,51,62,75.0,80,81,82,9,10,7,11,15,,64+2,64+2,64+2,61+1,61+1,61+1,61+1,61+1,62+2,62+2,62+2,62+2,66+2,66+2,66+2,62+2,71+2,74+2,74+2,74+2,71+2,74+2,79+2,79+2,79+2,74+2,18+2,1,-1.1777224343291561,0.8630660515244922,"Cluster 1: Defending, Physic, Pace"
181560,https://sofifa.com/player/181560/mapou-yanga-mbiwa/170002,17.0,2.0,2016-09-20,M. Yanga-Mbiwa,Mapou Yanga-Mbiwa,CB,81,83,16000000.0,50000.0,27,1989-05-15,184,77,66.0,Olympique Lyonnais,16.0,Ligue 1,1.0,RCB,2.0,,2015-08-14,2020.0,18,France,,,,Right,3,2,2,Medium/Medium,Normal (170-185),Yes,,,Injury Free,72.0,35.0,56.0,63.0,81.0,79.0,57,23,76,73,28,62,33,23,64,64,69,75,62,76,62,52,81,73,80,41,84,80,36,34,49,75.0,81,84,82,9,13,9,6,10,,54+1,54+1,54+1,56,55,55,55,56,56+1,56+1,56+1,59+1,61+1,61+1,61+1,59+1,73+1,74+1,74+1,74+1,73+1,75+1,80+1,80+1,80+1,75+1,17+1,1,-2.358142294234508,0.3184165777204872,"Cluster 1: Defending, Physic, Pace"
226166,https://sofifa.com/player/226166/nordi-mukiele/220002,22.0,2.0,2021-09-23,N. Mukiele,Nordi Mukiele Mulere,"RWB, CB, RM",81,85,34500000.0,65000.0,23,1997-11-01,187,84,112172.0,RB Leipzig,19.0,Bundesliga,1.0,RB,22.0,,2018-07-01,2023.0,18,France,,,,Right,3,3,2,Medium/High,Normal (185+),Yes,61200000.0,,"Dives Into Tackles (AI), Early Crosser",80.0,49.0,69.0,73.0,82.0,80.0,74,40,74,73,39,73,69,33,70,74,77,82,67,77,65,67,90,79,79,52,83,83,60,64,45,73.0,82,85,82,10,7,14,11,15,,65+2,65+2,65+2,68,67,67,67,68,68+2,68+2,68+2,71+2,71+2,71+2,71+2,71+2,79+2,78+2,78+2,78+2,79+2,79+2,81+2,81+2,81+2,79+2,18+2,1,-0.5838715008460769,1.5782138179751481,"Cluster 1: Defending, Physic, Pace"
183284,https://sofifa.com/player/183284/aurelien-chedjou/160002,16.0,2.0,2015-09-21,A. Chedjou,Aurélien Bayard Chedjou Fongang,CB,81,81,12000000.0,100000.0,30,1985-06-20,184,86,325.0,Galatasaray,68.0,Super Lig,1.0,RCB,21.0,,2013-07-19,2017.0,103,Cameroon,1395.0,RCB,14.0,Right,3,2,2,Medium/Medium,Normal (170-185),Yes,,#Strength,"Injury Free, Dives Into Tackles (AI), Flair, Power Header",74.0,60.0,64.0,67.0,82.0,84.0,57,56,84,73,59,67,51,58,69,67,72,76,68,78,58,74,90,74,90,59,80,79,46,56,57,,81,85,79,6,14,15,13,11,,67,67,67,64,65,65,65,64,65,65,65,66,68,68,68,66,74,76,76,76,74,76,81,81,81,76,19,1,-1.1018802732948074,1.4088023099475322,"Cluster 1: Defending, Physic, Pace"
182495,https://sofifa.com/player/182495/martin-caceres/160002,16.0,2.0,2015-09-21,M. Cáceres,José Martín Cáceres Silva,"CB, RB",81,81,13000000.0,110000.0,28,1987-04-07,182,77,45.0,Juventus,31.0,Serie A,1.0,SUB,4.0,,2012-01-01,2016.0,60,Uruguay,1377.0,LB,22.0,Right,3,2,2,Medium/High,Normal (170-185),No,,#Tackling ,"Long Throw-in, Injury Prone, Dives Into Tackles (AI), Early Crosser",83.0,51.0,63.0,66.0,86.0,75.0,68,38,76,65,65,60,72,41,65,65,83,83,85,78,77,71,93,75,71,59,80,85,47,58,50,,87,87,87,2,3,4,2,4,,62,62,62,63,62,62,62,63,62,62,62,65,66,66,66,65,77,76,76,76,77,79,81,81,81,79,11,1,-0.9574413346161172,0.8233987867360463,"Cluster 1: Defending, Physic, Pace"
184392,https://sofifa.com/player/184392/matteo-darmian/160002,16.0,2.0,2015-09-21,M. Darmian,Matteo Darmian,"RB, RWB, LWB",81,85,17500000.0,100000.0,25,1989-12-02,182,70,11.0,Manchester United,13.0,Premier League,1.0,RB,36.0,,2015-07-11,2019.0,27,Italy,1343.0,LB,4.0,Right,4,2,2,High/High,Lean (170-185),No,,#Engine,Injury Free,79.0,51.0,69.0,73.0,82.0,78.0,78,38,72,74,59,69,71,35,68,75,79,79,79,78,77,70,70,91,70,56,84,82,64,60,45,,81,83,87,6,7,7,12,7,,65,65,65,69,67,67,67,69,68,68,68,71,71,71,71,71,80,78,78,78,80,81,79,79,79,81,16,1,-0.47163837325924346,1.4855894458467438,"Cluster 1: Defending, Physic, Pace"
221660,https://sofifa.com/player/221660/victor-lindelof/200002,20.0,2.0,2019-09-19,V. Lindelöf,Victor Jörgen Nilsson Lindelöf,CB,81,87,22000000.0,95000.0,24,1994-07-17,187,80,11.0,Manchester United,13.0,Premier League,1.0,RCB,2.0,,2017-07-01,2021.0,46,Sweden,,,,Right,4,3,2,Medium/High,Lean (185+),Yes,46200000.0,,"Solid Player, Long Passer (AI)",74.0,50.0,72.0,72.0,82.0,78.0,62,42,79,79,38,71,64,59,78,76,72,76,67,82,62,70,80,76,78,52,81,81,51,70,54,83.0,82,83,79,12,16,8,7,9,,65+2,65+2,65+2,67,67,67,67,67,69+2,69+2,69+2,70+2,74+2,74+2,74+2,70+2,77+2,79+2,79+2,79+2,77+2,78+2,80+2,80+2,80+2,78+2,19+2,1,-0.5857731804938954,1.685558369217089,"Cluster 1: Defending, Physic, Pace"
245299,https://sofifa.com/player/245299/jaime-nicolas-frendado/200002,20.0,2.0,2019-09-19,J. Frendado,Jaime Nicolás Frendado,"CB, CDM",81,81,,,35,1984-02-29,181,82,,,,,,,,,,,60,Uruguay,1377.0,LCB,5.0,Right,3,2,1,High/Medium,Normal (170-185),No,,,Power Header,71.0,61.0,57.0,62.0,82.0,75.0,40,56,80,67,63,60,72,58,58,64,67,74,61,76,63,74,91,60,77,61,86,82,58,50,62,70.0,83,82,82,58,62,54,71,48,,66+2,66+2,66+2,61,63,63,63,61,62+2,62+2,62+2,61+2,64+2,64+2,64+2,61+2,69+2,73+2,73+2,73+2,69+2,72+2,80+1,80+1,80+1,72+2,61+2,1,-1.3963264426568263,0.3281677235239763,"Cluster 1: Defending, Physic, Pace"
191687,https://sofifa.com/player/191687/maicon-pereira-roque/190002,19.0,2.0,2018-08-21,Maicon,Maicon Pereira Roque,CB,81,81,14000000.0,70000.0,29,1988-09-14,191,89,325.0,Galatasaray,68.0,Super Lig,1.0,RCB,3.0,,2017-07-01,2021.0,54,Brazil,,,,Right,3,2,2,Medium/High,Normal (185+),No,26600000.0,#Strength,"Power Free-Kick, Long Passer (AI), Power Header",62.0,55.0,66.0,54.0,82.0,84.0,70,40,83,67,29,55,70,74,75,60,56,66,33,66,45,85,71,70,90,67,88,79,44,52,52,71.0,82,84,78,15,11,14,10,6,,61+1,61+1,61+1,57,58,58,58,57,57+1,57+1,57+1,60+1,64+1,64+1,64+1,60+1,71+1,74+1,74+1,74+1,71+1,73+1,80+1,80+1,80+1,73+1,17+1,1,-2.268945776202685,1.2289874993237846,"Cluster 1: Defending, Physic, Pace"
201956,https://sofifa.com/player/201956/salif-sane/190002,19.0,2.0,2018-08-21,S. Sané,Salif Sané,"CB, CDM",81,81,15000000.0,40000.0,27,1990-08-25,196,85,34.0,Schalke 04,19.0,2. Bundesliga,1.0,RCB,26.0,,2018-07-01,2022.0,136,Senegal,,,,Right,3,3,2,Medium/High,Lean (185+),No,25500000.0,"#Aerial Threat, #Strength","Long Throw-in, Power Header, Through Ball",65.0,49.0,64.0,65.0,82.0,81.0,57,38,88,72,26,64,33,58,70,70,62,67,60,77,37,77,47,70,88,55,84,83,48,61,43,78.0,75,90,74,14,7,10,13,16,,63+1,63+1,63+1,61,62,62,62,61,63+1,63+1,63+1,63+1,68+1,68+1,68+1,63+1,72+1,77+1,77+1,77+1,72+1,74+1,80+1,80+1,80+1,74+1,19+1,1,-1.7471897759404553,1.1824972357373589,"Cluster 1: Defending, Physic, Pace"
210864,https://sofifa.com/player/210864/elseid-hysaj/190002,19.0,2.0,2018-08-21,E. Hysaj,Elseid Hysaj,RB,81,85,19000000.0,60000.0,24,1994-02-02,182,70,48.0,Napoli,31.0,Serie A,1.0,RB,23.0,,2015-08-02,2021.0,1,Albania,,,,Right,4,3,2,Medium/Medium,Normal (170-185),No,33700000.0,,,81.0,51.0,68.0,76.0,79.0,76.0,78,47,66,77,40,75,40,30,70,77,79,82,76,79,69,68,69,87,69,43,79,80,63,59,40,76.0,80,81,80,12,6,14,9,11,,66+1,66+1,66+1,71,69,69,69,71,69+1,69+1,69+1,73+1,72+1,72+1,72+1,73+1,80+1,77+1,77+1,77+1,80+1,80+1,77+1,77+1,77+1,80+1,17+1,1,-0.15066638927765033,1.2814433074507618,"Cluster 1: Defending, Physic, Pace"
201377,https://sofifa.com/player/201377/jeison-murillo/190002,19.0,2.0,2018-08-21,J. Murillo,Jeison Fabián Murillo Cerón,CB,81,85,19000000.0,40000.0,26,1992-05-27,182,78,461.0,Valencia,53.0,La Liga,1.0,SUB,4.0,Inter,,2019.0,56,Colombia,,,,Right,2,2,2,Medium/High,Normal (170-185),Yes,,,"Dives Into Tackles (AI), Power Header",76.0,40.0,59.0,63.0,80.0,80.0,56,37,77,69,54,58,38,26,62,64,75,76,77,73,72,68,89,72,80,13,88,81,45,54,46,73.0,78,82,85,14,13,8,11,14,,59+1,59+1,59+1,58,58,58,58,58,58+1,58+1,58+1,61+1,62+1,62+1,62+1,61+1,73+1,74+1,74+1,74+1,73+1,75+1,80+1,80+1,80+1,75+1,19+1,1,-1.9522929284999593,0.5425726542031017,"Cluster 1: Defending, Physic, Pace"
244263,/player/244263/amir-rrahmani/240002,24.0,2.0,2023-09-22,A. Rrahmani,Amir Rrahmani,CB,81,81,21500000.0,61000.0,29,1994-02-24,192,83,48.0,Napoli,31.0,Serie A,1.0,RCB,13.0,,2020-01-20,2027.0,219,Kosovo,,,,Right,4,2,1,Medium/Medium,Normal (185+),No,36600000.0,,Long Throw,63.0,51.0,58.0,62.0,83.0,80.0,49,43,78,69,39,59,49,41,65,69,56,69,49,79,47,60,82,70,85,66,81,82,49,48,34,70.0,83,85,83,12,8,13,8,7,,61+2,61+2,61+2,59,60,60,60,59,60+2,60+2,60+2,61+2,66+2,66+2,66+2,61+2,72+2,75+2,75+2,75+2,72+2,74+2,81,81,81,74+2,17+2,1,-2.1503852661558045,0.7024988318843798,"Cluster 1: Defending, Physic, Pace"
187598,/player/187598/rafael-toloi/230002,23.0,2.0,2022-09-26,Rafael Tolói,Rafael Tolói,CB,81,81,17500000.0,55000.0,31,1990-10-10,185,75,39.0,Atalanta,31.0,Serie A,1.0,RCB,2.0,,2015-08-26,2024.0,27,Italy,,,,Right,3,2,2,Medium/High,Normal (185+),No,29800000.0,,Leadership,67.0,52.0,59.0,65.0,82.0,82.0,44,40,83,69,30,58,41,70,68,70,64,70,61,83,66,75,76,82,82,62,82,80,40,50,64,86.0,81,85,82,11,12,16,16,8,,62+2,62+2,62+2,59,60,60,60,59,61+2,61+2,61+2,61+2,66+2,66+2,66+2,61+2,73+2,76+2,76+2,76+2,73+2,75+2,81,81,81,75+2,20+2,1,-1.840037428606422,0.910675590130011,"Cluster 1: Defending, Physic, Pace"
188802,https://sofifa.com/player/188802/marcel-schmelzer/170002,17.0,2.0,2016-09-20,M. Schmelzer,Marcel Schmelzer,LB,80,80,11000000.0,60000.0,28,1988-01-22,181,74,22.0,Borussia Dortmund,19.0,Bundesliga,1.0,LB,29.0,,2008-07-01,2021.0,21,Germany,,,,Left,2,2,2,High/High,Normal (170-185),Yes,,,"Avoids Using Weaker Foot, Leadership",77.0,51.0,69.0,69.0,79.0,79.0,79,37,74,74,47,68,74,70,66,71,75,79,68,78,65,74,73,85,75,60,81,75,54,52,46,71.0,79,82,83,14,10,15,9,8,,64+1,64+1,64+1,66,64,64,64,66,65+1,65+1,65+1,69+1,68+1,68+1,68+1,69+1,78+1,75+1,75+1,75+1,78+1,79+1,78+1,78+1,78+1,79+1,18+1,1,-0.7298214393160781,1.345753763912396,"Cluster 1: Defending, Physic, Pace"
251805,/player/251805/jurrien-timber/230002,23.0,2.0,2022-09-26,J. Timber,Jurriën David Norman Timber,"CB, RB",80,88,44500000.0,14000.0,21,2001-06-17,179,77,245.0,Ajax,10.0,Eredivisie,1.0,RCB,2.0,,2019-01-01,2025.0,34,Netherlands,105035.0,SUB,2.0,Right,3,3,2,High/Medium,Normal (170-185),No,71200000.0,,,82.0,47.0,67.0,77.0,81.0,81.0,60,41,71,80,41,76,44,31,70,78,80,83,73,78,74,58,85,81,82,46,76,82,63,64,42,85.0,83,83,77,6,6,8,14,14,,65+2,65+2,65+2,69,69,69,69,69,70+2,70+2,70+2,72+2,73+2,73+2,73+2,72+2,78+2,79+2,79+2,79+2,78+2,78+2,80+2,80+2,80+2,78+2,17+2,1,-0.4745393969299872,1.5560674847346732,"Cluster 1: Defending, Physic, Pace"
244749,/player/244749/nayef-aguerd/230002,23.0,2.0,2022-09-26,N. Aguerd,Nayef Aguerd,CB,80,83,24500000.0,70000.0,26,1996-03-30,188,76,19.0,West Ham United,13.0,Premier League,1.0,SUB,27.0,,2022-07-01,2027.0,129,Morocco,111111.0,RCB,5.0,Left,3,2,2,Medium/Medium,Normal (185+),No,48400000.0,,"Solid Player, Long Passer (AI)",73.0,50.0,64.0,65.0,80.0,77.0,48,40,81,76,41,58,55,41,72,75,65,80,58,80,56,69,89,76,76,54,77,81,52,60,48,73.0,78,83,78,7,15,9,14,6,,64+2,64+2,64+2,62,64,64,64,62,65+2,65+2,65+2,65+2,70+2,70+2,70+2,65+2,73+2,77+2,77+2,77+2,73+2,75+2,80+2,80+2,80+2,75+2,18+2,1,-1.2690959461888642,0.8441344141054539,"Cluster 1: Defending, Physic, Pace"
238095,/player/238095/nikola-milenkovic/230002,23.0,2.0,2022-09-26,N. Milenković,Nikola Milenković,CB,80,85,29000000.0,48000.0,24,1997-10-12,195,90,110374.0,Fiorentina,31.0,Serie A,1.0,RCB,4.0,,2017-07-10,2027.0,51,Serbia,,,,Right,3,2,2,Medium/High,Normal (185+),No,51500000.0,"#Aerial Threat, #Strength",Solid Player,64.0,45.0,62.0,62.0,81.0,83.0,66,38,82,69,35,60,43,29,66,70,67,62,50,76,34,60,73,79,86,54,84,78,25,55,34,74.0,82,82,78,8,7,13,7,14,,57+2,57+2,57+2,58,57,57,57,58,59+2,59+2,59+2,61+2,65+2,65+2,65+2,61+2,73+2,75+2,75+2,75+2,73+2,75+2,80+2,80+2,80+2,75+2,17+2,1,-2.219793657832034,1.0276621378607471,"Cluster 1: Defending, Physic, Pace"
236987,/player/236987/boubacar-kamara/230002,23.0,2.0,2022-09-26,B. Kamara,Boubacar Bernard Kamara,CDM,80,86,31000000.0,69000.0,22,1999-11-23,184,68,2.0,Aston Villa,13.0,Premier League,1.0,CDM,44.0,,2022-07-01,2027.0,18,France,,,,Right,3,3,2,Medium/High,Lean (170-185),Yes,65100000.0,,,70.0,54.0,71.0,73.0,80.0,79.0,64,47,72,77,28,71,59,47,75,77,71,70,68,74,66,67,79,82,76,63,84,86,52,72,63,84.0,78,82,80,8,12,8,6,11,,64+2,64+2,64+2,67,67,67,67,67,69+2,69+2,69+2,70+2,74+2,74+2,74+2,70+2,77+2,79+2,79+2,79+2,77+2,77+2,79+2,79+2,79+2,77+2,16+2,1,-0.5632178662018485,1.6910012079648942,"Cluster 1: Defending, Physic, Pace"
237985,/player/237985/kevin-danso/240002,24.0,2.0,2023-09-22,K. Danso,Kevin Danso,CB,80,84,27000000.0,34000.0,24,1998-09-19,190,85,64.0,Lens,16.0,Ligue 1,1.0,CB,4.0,,2021-08-09,2027.0,4,Austria,,,,Right,3,2,2,Medium/High,Normal (185+),Yes,53300000.0,#Strength,"Long Ball Pass, Bruiser, Long Throw, Aerial",78.0,32.0,55.0,62.0,79.0,85.0,44,26,82,69,31,59,35,31,58,68,68,87,57,79,46,49,90,75,90,25,85,76,33,52,42,71.0,77,82,77,12,13,6,11,15,,56+2,56+2,56+2,56,56,56,56,56,57+2,57+2,57+2,60+2,62+2,62+2,62+2,60+2,71+2,73+2,73+2,73+2,71+2,74+2,80+2,80+2,80+2,74+2,20+2,1,-2.557585063276639,0.433989447634942,"Cluster 1: Defending, Physic, Pace"
